S	.descriptions.Back.b_kino_adventurous.name	Baraja aventurera
A	.descriptions.Back.b_kino_adventurous.text	Los {C:attention}comodines de aventura{} son / un {C:attention}50 %{} más fuertes y {C:attention}X#1#{} más comunes / Empiezas con 2 copias de / {C:attention}Artefacto{}
A	.descriptions.Back.b_kino_adventurous.unlock	Gana una partida con al menos / {C:attention}#2#{} comodines de {V:1}#1#{}
S	.descriptions.Back.b_kino_alderaan.name	Baraja Alderaan
A	.descriptions.Back.b_kino_alderaan.text	Los {C:attention}comodines de Star Wars{} son {C:attention}X#1# / más comunes / Al derrotar una {C:attention}ciega{}, / sube de nivel una mano aleatoria / por cada {C:mult}descarte{} sin usar
A	.descriptions.Back.b_kino_alderaan.unlock	Desbloquea todos los {C:attention}comodines de Star Wars
S	.descriptions.Back.b_kino_athletic.name	Baraja atlética
A	.descriptions.Back.b_kino_athletic.text	Los {C:attention}comodines de deportes{} son / un {C:attention}50 %{} más fuertes y {C:attention}X#1#{} más comunes / Empiezas con 2 copias de / {C:attention}Jonrón{}
A	.descriptions.Back.b_kino_athletic.unlock	Gana una partida con al menos / {C:attention}#2#{} comodines de {V:1}#1#{}
S	.descriptions.Back.b_kino_bacon.name	Baraja Bacon
A	.descriptions.Back.b_kino_bacon.text	Los {C:attention}comodines de película{} son / un {C:attention}50 %{} más fuertes si / comparten {C:attention}reparto o / {C:attention}director{} con los comodines / adyacentes
A	.descriptions.Back.b_kino_bacon.unlock	Gana una partida con {C:attention}5 o más / comodines de película que compartan reparto
S	.descriptions.Back.b_kino_blankcheck.name	Baraja en blanco con Griffin y David
A	.descriptions.Back.b_kino_blankcheck.text	Al comprar un {C:attention}comodín de película{}, / los siguientes comodines que aparezcan / en la tienda o en paquetes de bufón / serán los otros {C:attention}comodines de película / del mismo {C:attention}director{} / por orden de estreno
S	.descriptions.Back.b_kino_c2n.name	Baraja Cine2Nerdle
A	.descriptions.Back.b_kino_c2n.text	Los {C:attention}comodines{} que comparten reparto / con {C:attention}comodines{} que tienes / son {C:attention}X#1#{} más comunes
A	.descriptions.Back.b_kino_c2n.unlock	Gana una partida con la {C:attention}baraja Bacon{}
S	.descriptions.Back.b_kino_childlike.name	Baraja infantil
A	.descriptions.Back.b_kino_childlike.text	Los {C:attention}comodines familiares{} son / un {C:attention}50 %{} más fuertes y {C:attention}X#1#{} más comunes / Empiezas con 2 copias de / {C:attention}Reunión{}
A	.descriptions.Back.b_kino_childlike.unlock	Gana una partida con al menos / {C:attention}#2#{} comodines de {V:1}#1#{}
S	.descriptions.Back.b_kino_cosmonaut.name	Baraja del cosmonauta
A	.descriptions.Back.b_kino_cosmonaut.text	Los {C:StrangePlanet}planetas extraños{} son {C:attention}X#1# / más comunes y {C:attention}TODOS{} los {C:planet}planetas / se pueden guardar en lugar de usarse
A	.descriptions.Back.b_kino_cosmonaut.unlock	Descubre todos los {C:StrangePlanet}planetas extraños
S	.descriptions.Back.b_kino_dangerous.name	Baraja peligrosa
A	.descriptions.Back.b_kino_dangerous.text	Los {C:attention}comodines de acción{} son / un {C:attention}50 %{} más fuertes y {C:attention}X#1#{} más comunes / Empiezas con 2 copias de / {C:attention}El soldado{}
A	.descriptions.Back.b_kino_dangerous.unlock	Gana una partida con al menos / {C:attention}#2#{} comodines de {V:1}#1#{}
S	.descriptions.Back.b_kino_darkknight.name	Baraja del Caballero Oscuro
A	.descriptions.Back.b_kino_darkknight.text	Los {C:attention}comodines de Batman{} son {C:attention}X#1#{} / más comunes / {C:green}1 en 4{} probabilidades de que los {C:attention}comodines / tengan una {C:attention}pegatina de Robin
A	.descriptions.Back.b_kino_darkknight.unlock	Desbloquea todos los {C:attention}comodines de Batman
S	.descriptions.Back.b_kino_debug_deck.name	Baraja de DEPURACIÓN
A	.descriptions.Back.b_kino_debug_deck.text	prueba de depuración de tirada de ciega jefe
S	.descriptions.Back.b_kino_deckthatmakesyouold.name	Baraja que te hace viejo
A	.descriptions.Back.b_kino_deckthatmakesyouold.text	Cuando una carta anota, / aumenta la categoría / de todas las cartas en la mano / que compartan su palo
A	.descriptions.Back.b_kino_deckthatmakesyouold.unlock	Gana una partida sin / cartas {C:attention}de 5 o menos{} / en tu baraja
S	.descriptions.Back.b_kino_empowered.name	Baraja potenciada
A	.descriptions.Back.b_kino_empowered.text	Las {C:attention}cartas de figura{} de cada / palo empiezan con la misma / {C:attention}mejora{} aleatoria
A	.descriptions.Back.b_kino_empowered.unlock	Descubre todos los {C:tarot}tarots / que crean {C:attention}mejoras de género
S	.descriptions.Back.b_kino_enchanted.name	Baraja encantada
A	.descriptions.Back.b_kino_enchanted.text	Los {C:attention}comodines de fantasía{} son / un {C:attention}50 %{} más fuertes y {C:attention}X#1#{} más comunes / Empiezas con 2 copias de / {C:attention}La bruja{}
A	.descriptions.Back.b_kino_enchanted.unlock	Gana una partida con al menos / {C:attention}#2#{} comodines de {V:1}#1#{}
S	.descriptions.Back.b_kino_flirty.name	Baraja coqueta
A	.descriptions.Back.b_kino_flirty.text	Los {C:attention}comodines de romance{} son / un {C:attention}50 %{} más fuertes y {C:attention}X#1#{} más comunes / Empiezas con 2 copias de / {C:attention}El flechazo{}
A	.descriptions.Back.b_kino_flirty.unlock	Gana una partida con al menos / {C:attention}#2#{} comodines de {V:1}#1#{}
S	.descriptions.Back.b_kino_funny.name	Baraja divertida
A	.descriptions.Back.b_kino_funny.text	Los {C:attention}comodines de comedia{} son / un {C:attention}50 %{} más fuertes y {C:attention}X#1#{} más comunes / Empiezas con 2 copias de / {C:attention}Capricho{}
A	.descriptions.Back.b_kino_funny.unlock	Gana una partida con al menos / {C:attention}#2#{} comodines de {V:1}#1#{}
S	.descriptions.Back.b_kino_heroic.name	Baraja heroica
A	.descriptions.Back.b_kino_heroic.text	Los {C:attention}comodines de superhéroes{} son / un {C:attention}50 %{} más fuertes y {C:attention}X#1#{} más comunes / Empiezas con 2 copias de / {C:attention}El superhéroe{}
A	.descriptions.Back.b_kino_heroic.unlock	Gana una partida con al menos / {C:attention}#2#{} comodines de {V:1}#1#{}
S	.descriptions.Back.b_kino_highpressure.name	Baraja de alta tensión
A	.descriptions.Back.b_kino_highpressure.text	Los {C:attention}comodines de suspense{} son / un {C:attention}50 %{} más fuertes y {C:attention}X#1#{} más comunes / Empiezas con 2 copias de / {C:attention}Susto{}
A	.descriptions.Back.b_kino_highpressure.unlock	Gana una partida con al menos / {C:attention}#2#{} comodines de {V:1}#1#{}
S	.descriptions.Back.b_kino_illicit.name	Baraja ilícita
A	.descriptions.Back.b_kino_illicit.text	Los {C:attention}comodines de crimen{} son / un {C:attention}50 %{} más fuertes y {C:attention}X#1#{} más comunes / Empiezas con 2 copias de / {C:attention}El gánster{}
A	.descriptions.Back.b_kino_illicit.unlock	Gana una partida con al menos / {C:attention}#2#{} comodines de {V:1}#1#{}
S	.descriptions.Back.b_kino_investment.name	Baraja de inversión
A	.descriptions.Back.b_kino_investment.text	No ganas dinero con / las ciegas ni con intereses / Al derrotar una ciega, / pon un {C:green}contador de dinero / en {C:attention}10{} cartas aleatorias / de tu baraja
A	.descriptions.Back.b_kino_investment.unlock	Gana una partida con la {C:attention}baraja del productor{}
S	.descriptions.Back.b_kino_kinoween_pumpkin.name	Baraja truco o trato
A	.descriptions.Back.b_kino_kinoween_pumpkin.text	Llena los espacios de consumibles vacíos / con {C:Confection,T:c_kino_candycorn}maíz dulce / al seleccionar la {C:attention}ciega{}
A	.descriptions.Back.b_kino_kinoween_pumpkin.unlock	Activa un {C:Jumpscare}susto{} {C:attention}10{} veces
S	.descriptions.Back.b_kino_kinoween_vampire.name	Baraja sed de sangre
A	.descriptions.Back.b_kino_kinoween_vampire.text	Los {C:Drain}comodines vampiro{} son {C:attention}X#1# / más comunes / Pon {C:attention}#2#{C:Drain} contadores de sangre{} / en tu baraja al seleccionar la {C:attention}ciega{}
A	.descriptions.Back.b_kino_kinoween_vampire.unlock	Descubre todos los comodines {C:Drain}vampiro{}
S	.descriptions.Back.b_kino_northernlion.name	Baraja huevo
A	.descriptions.Back.b_kino_northernlion.text	{C:inactive,E:1}¡Eso es un {C:Romance,E:1}romance! / {C:inactive,E:1}¡ligan en la escena 19! / Los {C:attention}comodines de película{} siempre cuentan / como {C:Romance}comodines de romance{}
A	.descriptions.Back.b_kino_northernlion.unlock	Gana una partida con / un {C:attention}huevo{} con / {C:money}valor de venta{} de {C:money}$30{} o más
S	.descriptions.Back.b_kino_producer.name	Baraja del productor
A	.descriptions.Back.b_kino_producer.text	No ganas dinero con / las ciegas ni con intereses / Tras derrotar a una {C:attention}ciega jefe{}, / cada {C:attention}comodín de película{} paga / según su {C:attention}margen de beneficio
A	.descriptions.Back.b_kino_producer.unlock	Gana una partida con {C:money}$500{}
S	.descriptions.Back.b_kino_questionable.name	Baraja dudosa
A	.descriptions.Back.b_kino_questionable.text	Los {C:attention}comodines de misterio{} son / un {C:attention}50 %{} más fuertes y {C:attention}X#1#{} más comunes / Empiezas con 2 copias de / {C:attention}El detective{}
A	.descriptions.Back.b_kino_questionable.unlock	Gana una partida con al menos / {C:attention}#2#{} comodines de {V:1}#1#{}
S	.descriptions.Back.b_kino_snackdeck.name	Baraja de aperitivos
A	.descriptions.Back.b_kino_snackdeck.text	Empiezas la partida con los / vales {C:attention}Delicias especiales{} y / {C:attention}Bolsa de aperitivos{}
A	.descriptions.Back.b_kino_snackdeck.unlock	Descubre todas las {C:Confection}golosinas
S	.descriptions.Back.b_kino_snackdeck_cryptid.name	Baraja de aperitivos
A	.descriptions.Back.b_kino_snackdeck_cryptid.text	Empiezas la partida con los vales / {C:attention}Delicias especiales{}, {C:attention}Bolsa de aperitivos{} / y {C:attention}Delicias celestiales{}
S	.descriptions.Back.b_kino_spellslinger.name	Baraja del lanzahechizos
A	.descriptions.Back.b_kino_spellslinger.text	Al jugar una mano, la primera carta / que anota lanza un hechizo según / las tres primeras cartas / de la mano
A	.descriptions.Back.b_kino_spellslinger.unlock	{C:Magic}Lanza {C:attention}100{} hechizos / {C:inactive}(#1#)
S	.descriptions.Back.b_kino_spooky.name	Baraja escalofriante
A	.descriptions.Back.b_kino_spooky.text	Los {C:attention}comodines de terror{} son / un {C:attention}50 %{} más fuertes y {C:attention}X#1#{} más comunes / Empiezas con {C:attention}El asesino{} / y {C:attention}El demonio
A	.descriptions.Back.b_kino_spooky.unlock	Gana una partida con al menos / {C:attention}#2#{} comodines de {V:1}#1#{}
S	.descriptions.Back.b_kino_tech.name	Baraja_tecnológica
A	.descriptions.Back.b_kino_tech.text	Los {C:attention}comodines de ciencia ficción{} son / un {C:attention}50 %{} más fuertes y {C:attention}X#1#{} más comunes / Empiezas con 2 copias de / {C:attention}El droide{}
A	.descriptions.Back.b_kino_tech.unlock	Gana una partida con al menos / {C:attention}#2#{} comodines de {V:1}#1#{}
S	.descriptions.Back.b_kino_trophydeck.name	Baraja del ganador
A	.descriptions.Back.b_kino_trophydeck.text	Empiezas la partida con los / vales {C:attention}Cebo para premios{} / y {C:attention}Gala de premios{}
A	.descriptions.Back.b_kino_trophydeck.unlock	Entrega {C:attention}20{} premios / {C:inactive}(#1#)
S	.descriptions.Back.b_kino_trophydeck_cryptid.name	Baraja de trofeos
A	.descriptions.Back.b_kino_trophydeck_cryptid.text	Empiezas la partida con los vales / {C:attention}Cebo para premios{}, {C:attention}Gala de premios{} / y {C:attention}Ganador del EGOT{}
S	.descriptions.Back.b_kino_videostore.name	Baraja videoclub
A	.descriptions.Back.b_kino_videostore.text	Los {C:attention}comodines de película{} y los / {C:attention}consumibles de película{} son / el {C:attention}doble{} de comunes
S	.descriptions.Blind.bl_kino_agent_smith.name	Agente Smith
A	.descriptions.Blind.bl_kino_agent_smith.text	Las cartas se debilitan / salvo que se descarte una carta de la / misma categoría o de una adyacente
S	.descriptions.Blind.bl_kino_amadeus.name	W. Amadeus Mozart
A	.descriptions.Blind.bl_kino_amadeus.text	Reduce el multi base / según la suma de niveles / de todas las manos salvo / la mano de póker jugada
S	.descriptions.Blind.bl_kino_annie_wilkes.name	Annie Wilkes
A	.descriptions.Blind.bl_kino_annie_wilkes.text	{C:red}Destruye{} un {C:attention}comodín si ganas / la ciega en la primera o segunda mano
S	.descriptions.Blind.bl_kino_anton_chigurh.name	Anton Chigurh
A	.descriptions.Blind.bl_kino_anton_chigurh.text	{C:green}#1# en #2#{} probabilidades de / poner tantos {C:attention}contadores de aturdimiento / como manos actuales / en el primer {C:attention}comodín / al jugar una mano
S	.descriptions.Blind.bl_kino_beachthatmakesyouold.name	La playa que te hace viejo
A	.descriptions.Blind.bl_kino_beachthatmakesyouold.text	Cada {C:attention}#1# segundos{}, / aumenta la categoría / de una carta aleatoria de la mano / o la destruye si es un as
S	.descriptions.Blind.bl_kino_blofeld.name	Ernst Stavro Blofeld
A	.descriptions.Blind.bl_kino_blofeld.text	Si la mano jugada / es igual o mayor que / la mano anterior, / no anota
S	.descriptions.Blind.bl_kino_bonnieandclyde.name	Bonnie y Clyde
A	.descriptions.Blind.bl_kino_bonnieandclyde.text	Fichas {X:chips,C:white}X#3#{} si la mano contiene / un {C:attention}#1#{} y multi {X:mult,C:white}X#4#{} / si la mano contiene un {V:1}#2#{}
S	.descriptions.Blind.bl_kino_cable_guy.name	Un loco a domicilio
A	.descriptions.Blind.bl_kino_cable_guy.text	Pon {C:attention}2{C:attention} contadores de descarga{} / en cada {C:attention}comodín / al jugar una mano
S	.descriptions.Blind.bl_kino_clubber.name	Clubber Lang
A	.descriptions.Blind.bl_kino_clubber.text	Al {C:red}descartar{}, / pon un {C:Chain}contador de cadena{} en cada / carta que quede en la mano
S	.descriptions.Blind.bl_kino_count_rugen.name	Conde Rugen
A	.descriptions.Blind.bl_kino_count_rugen.text	Puedes seleccionar una carta más / y se deselecciona una carta aleatoria / al jugar o descartar
S	.descriptions.Blind.bl_kino_cruella.name	Cruella de Vil
A	.descriptions.Blind.bl_kino_cruella.text	Reduce el multi base / en {C:mult}#1# por / cada carta {C:red}destruida / en esta partida
S	.descriptions.Blind.bl_kino_deckard_shaw.name	Deckard Shaw
A	.descriptions.Blind.bl_kino_deckard_shaw.text	{C:red}Descarta{} una carta aleatoria de la mano / cada {C:attention}5 segundos
S	.descriptions.Blind.bl_kino_dr_evil.name	Dr. Maligno
A	.descriptions.Blind.bl_kino_dr_evil.text	Cada mano siguiente / debe ser mayor que / la anterior
S	.descriptions.Blind.bl_kino_dracula.name	Conde Drácula
A	.descriptions.Blind.bl_kino_dracula.text	Debilita cada carta {C:attention}mejorada / jugada tras anotar
S	.descriptions.Blind.bl_kino_electro.name	Electro
A	.descriptions.Blind.bl_kino_electro.text	Pon 10 {C:attention}contadores de descarga{} en / cada {C:attention}comodín{} y / crea un {C:attention}pararrayos
S	.descriptions.Blind.bl_kino_elsa.name	Elsa
A	.descriptions.Blind.bl_kino_elsa.text	Reparte {C:attention}10{} / {C:Frost}contadores de escarcha{} entre / tus {C:attention}comodines
S	.descriptions.Blind.bl_kino_entity.name	Una Entidad
A	.descriptions.Blind.bl_kino_entity.text	Las cartas que anotan tienen {C:green}#1# en #2#{} / probabilidades de cambiar a / una categoría y un palo aleatorios
S	.descriptions.Blind.bl_kino_evilqueen.name	La Reina Malvada
A	.descriptions.Blind.bl_kino_evilqueen.text	Si la mano jugada tiene menos de {C:attention}5{} cartas, / pon un {C:green}contador de veneno{} en las cartas / que anotan por cada carta que falte
S	.descriptions.Blind.bl_kino_fabrication_machine.name	Máquina de fabricación
A	.descriptions.Blind.bl_kino_fabrication_machine.text	Sus cazadores rasgan el papel, / sin desear otra cosa / que mecanizarlo
S	.descriptions.Blind.bl_kino_flatline.name	La línea plana
A	.descriptions.Blind.bl_kino_flatline.text	Pon entre {C:attention}#1# y #2#{} {C:red}contadores de sueño{} / en cada {C:attention}comodín / y crea un {C:attention}desfibrilador
S	.descriptions.Blind.bl_kino_frankbooth.name	Frank Booth
A	.descriptions.Blind.bl_kino_frankbooth.text	Tras la primera mano, / destruye el tercer {C:attention}comodín / después de jugar cada mano
S	.descriptions.Blind.bl_kino_freddy_krueger.name	Freddy Krueger
A	.descriptions.Blind.bl_kino_freddy_krueger.text	{C:green}#1# en #2#{} probabilidades, al robar / una carta {C:attention}de 5 o menos{}, de / poner un {C:red}contador de somnolencia{} en un {C:attention}comodín{} aleatorio
S	.descriptions.Blind.bl_kino_gekko.name	Gordon Gekko
A	.descriptions.Blind.bl_kino_gekko.text	{C:green}#1# en #2#{} probabilidades de / ganar {C:money}$5{} u obtener 3 {C:attention}contadores de deuda{} / cuando una carta anota
S	.descriptions.Blind.bl_kino_ghost_rider.name	El Motorista Fantasma
A	.descriptions.Blind.bl_kino_ghost_rider.text	Pon {C:attention}#1#{} {C:Chain}contadores de cadena{} en / cada carta de la baraja y / crea {C:attention}Mirada de penitencia
S	.descriptions.Blind.bl_kino_godzilla.name	Godzilla
A	.descriptions.Blind.bl_kino_godzilla.text	Ciega enormemente grande y / crea un {C:attention}bombardeo. / Reduce la ciega un {C:attention}#1# %{} / al descartar una carta
S	.descriptions.Blind.bl_kino_hannibal.name	Dr. Hannibal Lecter
A	.descriptions.Blind.bl_kino_hannibal.text	{C:red}Destruye{} todas las cartas / que tengas en la mano / al derrotar / esta {C:attention}ciega
S	.descriptions.Blind.bl_kino_hansgruber.name	Hans Gruber
A	.descriptions.Blind.bl_kino_hansgruber.text	Los comodines pierden {C:money}$2{} / de valor de venta al activarse; / si su valor es {C:money}$0 / o menos, se les pone un {C:red}contador / de aturdimiento{} en su lugar
S	.descriptions.Blind.bl_kino_humungus.name	Lord Humungus
A	.descriptions.Blind.bl_kino_humungus.text	{C:red}Descarta{} #1# cartas de la parte superior / de la baraja al jugar o descartar una mano
S	.descriptions.Blind.bl_kino_imhotep.name	Im-Ho-Tep
A	.descriptions.Blind.bl_kino_imhotep.text	Pon {C:attention}2 {C:Drought}contadores de sequía{} en cada / {V:1}#1# de la baraja
S	.descriptions.Blind.bl_kino_immortan_joe.name	Immortan Joe
A	.descriptions.Blind.bl_kino_immortan_joe.text	{C:red}Descarta{} una carta de la parte superior / de la baraja por cada carta jugada o descartada
S	.descriptions.Blind.bl_kino_jack_skellington.name	Jack Skeleton
A	.descriptions.Blind.bl_kino_jack_skellington.text	¿Qué es esto? ¿Qué es esto? / ¡Hay cosas blancas en el aire! / ¿Qué es esto? ¿Qué es esto? / ¡No puedo creer lo que veo, no es justo!
S	.descriptions.Blind.bl_kino_jacktorrance.name	Jack Torrance
A	.descriptions.Blind.bl_kino_jacktorrance.text	Cuando una carta anota, / pon {C:attention}2{C:Frost} contadores de escarcha{} / en las cartas de la baraja de la misma categoría
S	.descriptions.Blind.bl_kino_jacob_morley.name	Jacob Morley
A	.descriptions.Blind.bl_kino_jacob_morley.text	Pon {C:attention}2{} {C:Chain}contadores de cadena{} en / cada {C:attention}3.ª{} carta robada de cada palo
S	.descriptions.Blind.bl_kino_joker.name	El Joker
A	.descriptions.Blind.bl_kino_joker.text	Un {C:attention}comodín{} aleatorio / se convierte en {C:attention,E:1}Comodín / cada dos manos / jugadas
S	.descriptions.Blind.bl_kino_kingkong.name	King Kong
A	.descriptions.Blind.bl_kino_kingkong.text	Ciega extragrande y / crea una {C:attention}damisela
S	.descriptions.Blind.bl_kino_krampus.name	Krampus
A	.descriptions.Blind.bl_kino_krampus.text	Crea una {C:attention}lista{} y, / si la mano jugada contiene menos / de {C:attention}#1#{} cartas que anotan, / pon {C:attention}5{C:Frost} contadores de escarcha{} en un {C:attention}comodín / por cada carta que falte hasta {C:attention}#1#
S	.descriptions.Blind.bl_kino_loki.name	Loki
A	.descriptions.Blind.bl_kino_loki.text	En cada mano se debilita / un palo aleatorio
A	.descriptions.Blind.bl_kino_mama.text	Pon #1# {C:attention}contador de deuda{} / en tu baraja por cada / {C:attention}consumible{} usado en esta partida / {C:inactive}(Actual: {C:attention}#2#{C:inactive} contadores de deuda)
S	.descriptions.Blind.bl_kino_mr_chow.name	Sr. Chow
A	.descriptions.Blind.bl_kino_mr_chow.text	Cada carta que anota / gana 2 {C:red}contadores de deuda
S	.descriptions.Blind.bl_kino_mr_glass.name	Sr. Cristal
A	.descriptions.Blind.bl_kino_mr_glass.text	Pon {C:attention}#1#{} contadores de vidrio / en un {C:attention}comodín{} aleatorio y / repite si superas la {C:attention}ciega / con {C:red}2x{} o más del objetivo
S	.descriptions.Blind.bl_kino_pale_man.name	El Hombre Pálido
S	.descriptions.Blind.bl_kino_pale_man_awoken.name	El Hombre Pálido
A	.descriptions.Blind.bl_kino_pale_man_awoken.text	Destruye un {C:attention}comodín{} potenciado / cada vez que se juega una mano
S	.descriptions.Blind.bl_kino_palpatine.name	Emperador Palpatine
A	.descriptions.Blind.bl_kino_palpatine.text	{C:attention}Estrangula con la Fuerza{} a todos / los comodines y los debilita / un {C:attention}20 %{} cada ronda / Tras ser {C:attention}estrangulado / cinco veces, el comodín se destruye
S	.descriptions.Blind.bl_kino_pazuzu.name	Pazuzu
A	.descriptions.Blind.bl_kino_pazuzu.text	Posee la última mano de póker jugada / El nivel de la mano poseída / pasa a 1 al jugarla
S	.descriptions.Blind.bl_kino_pearl.name	Pearl
A	.descriptions.Blind.bl_kino_pearl.text	El tamaño de mano se reduce a {C:attention}1{} y / ganas {C:attention}2{} de tamaño de mano al / jugar o descartar
S	.descriptions.Blind.bl_kino_pennywise.name	Pennywise
A	.descriptions.Blind.bl_kino_pennywise.text	¡Je je je je je je! / AQUÍ. {C:attention,E:1}ABAJO. / TODOS. FLOTAMOS.
A	.descriptions.Blind.bl_kino_pgande.text	Pon {C:attention}2 {C:green}contadores de veneno / en cada carta de la mano / al jugar una mano
S	.descriptions.Blind.bl_kino_poppy_adams.name	Poppy Adams
A	.descriptions.Blind.bl_kino_poppy_adams.text	Pon 100 {C:green}contadores de veneno{} en la baraja y / crea {C:attention}La cura
S	.descriptions.Blind.bl_kino_ratched.name	Enfermera Ratched
A	.descriptions.Blind.bl_kino_ratched.text	Las manos jugadas solo anotan / si hay {C:attention}3{} palos / distintos en la mano
S	.descriptions.Blind.bl_kino_rattlesnake_jake.name	Rattlesnake Jake
A	.descriptions.Blind.bl_kino_rattlesnake_jake.text	Crea {C:attention}Solo ante el peligro{} y, / al robar una carta, / pon {C:Drought}contadores de sequía{} en cartas / hasta que haya {C:attention}10{} contadores en la mano
S	.descriptions.Blind.bl_kino_rico_dynamite.name	Rico Dynamite
A	.descriptions.Blind.bl_kino_rico_dynamite.text	La mano de póker jugada pierde 2 niveles / y dos manos de póker aleatorias / ganan 1 nivel
S	.descriptions.Blind.bl_kino_ronald_bartel.name	Ronald Bartel
A	.descriptions.Blind.bl_kino_ronald_bartel.text	Pon un {C:Burn}contador de quemadura{} en cada / {C:attention}5.ª{} carta robada
S	.descriptions.Blind.bl_kino_rose_the_hat.name	Rose la Chistera
A	.descriptions.Blind.bl_kino_rose_the_hat.text	Pon un {C:red}contador de somnolencia{} en un {C:attention}comodín / aleatorio por cada carta {C:attention}mejorada{} de la baraja
S	.descriptions.Blind.bl_kino_rupert_pupkin.name	Rupert Pupkin
A	.descriptions.Blind.bl_kino_rupert_pupkin.text	{C:red}Debilita{} todos los {C:attention}comodines{} salvo el de más a la izquierda / y {C:attention}reactiva{} el {C:attention}comodín{} de más a la izquierda / una vez por cada {C:attention}comodín{} debilitado
S	.descriptions.Blind.bl_kino_sallie_tomato.name	Sallie Tomato
A	.descriptions.Blind.bl_kino_sallie_tomato.text	Tras descartar, / pon #1# {C:attention}contador de deuda / en {C:attention}#2#{} cartas que tengas / en la mano
S	.descriptions.Blind.bl_kino_saruman.name	Saruman
A	.descriptions.Blind.bl_kino_saruman.text	Lanza un {C:Magic}hechizo malvado / según la categoría de la carta de más / a la izquierda de la mano y el palo / de la carta adyacente
S	.descriptions.Blind.bl_kino_scorpionking.name	El Rey Escorpión
A	.descriptions.Blind.bl_kino_scorpionking.text	Pon {C:attention}3{C:Drought} contadores de sequía{} en / cada carta que no anota
S	.descriptions.Blind.bl_kino_slot_canyon.name	Cañón estrecho
A	.descriptions.Blind.bl_kino_slot_canyon.text	Ciega mayor, solo {C:attention}1{} mano y / crea {C:attention}Medidas drásticas{}
A	.descriptions.Blind.bl_kino_te_ka.text	El límite de selección para jugar y descartar pasa a 2 y / crea una {C:attention}erupción
S	.descriptions.Blind.bl_kino_thanos.name	Thanos
A	.descriptions.Blind.bl_kino_thanos.text	La mitad de las cartas están debilitadas / y se alternan en cada mano
S	.descriptions.Blind.bl_kino_vader.name	Darth Vader
A	.descriptions.Blind.bl_kino_vader.text	{C:attention}Estrangula con la Fuerza{} al / {C:attention}comodín{} activo / y lo debilita un {C:attention}33 % / cada ronda / Tras ser {C:attention}estrangulado / tres veces, se {C:red}destruye{} el {C:attention}comodín
S	.descriptions.Blind.bl_kino_varang.name	Varang
A	.descriptions.Blind.bl_kino_varang.text	Pon un {C:Burn}contador de quemadura{} en las / {C:attention}5{} primeras cartas jugadas o descartadas
S	.descriptions.Blind.bl_kino_wickedwitch.name	La Bruja Malvada
A	.descriptions.Blind.bl_kino_wickedwitch.text	Añade 2 {C:attention}monos voladores / a la baraja tras {C:red}descartar
S	.descriptions.Blind.bl_kino_xenomorph.name	Reina Xenomorfo
A	.descriptions.Blind.bl_kino_xenomorph.text	{C:green}#1# en #2#{} probabilidades / de debilitar las cartas al anotar
S	.descriptions.Blind.bl_kino_zeus.name	Zeus
A	.descriptions.Blind.bl_kino_zeus.text	Cuando se activa un {C:attention}comodín{}, / pon {C:attention}1{C:attention} contador de descarga{} / en una carta de la baraja
S	.descriptions.BlindAbility.c_kino_barrage.name	Bombardeo
A	.descriptions.BlindAbility.c_kino_barrage.text.[1]	{C:red}Descarta{} todas las cartas que tengas en la mano
S	.descriptions.BlindAbility.c_kino_cure.name	Cura
A	.descriptions.BlindAbility.c_kino_cure.text	Gasta {C:money}$#1#{} para reducir a la mitad / los {C:green}contadores de veneno{} de la baraja / {C:inactive}(Actual: {C:attention}#2# {C:green}contadores de veneno{C:inactive} en la baraja)
S	.descriptions.BlindAbility.c_kino_damsel.name	Damisela
A	.descriptions.BlindAbility.c_kino_damsel.text	Pon {C:attention}#3#{C:red} contadores de aturdimiento{} en una carta de {C:attention}figura / para reducir el requisito de la {C:attention}ciega / un {C:attention}#2# %{}
S	.descriptions.BlindAbility.c_kino_defibrillator.name	Desfibrilador
A	.descriptions.BlindAbility.c_kino_defibrillator.text.[1]	Sustituye los {C:attention}contadores de sueño{} del / {C:attention}comodín{} seleccionado por {C:attention}contadores de descarga
A	.descriptions.BlindAbility.c_kino_defibrillator.text.[2]	Recupera carga al jugar / o descartar una mano
S	.descriptions.BlindAbility.c_kino_drastic_measure.name	Medidas drásticas
A	.descriptions.BlindAbility.c_kino_drastic_measure.text	{C:red}Destruye{} el {C:attention}comodín{} seleccionado / para ganar {C:attention}+1{} mano
S	.descriptions.BlindAbility.c_kino_eruption.name	Erupción
A	.descriptions.BlindAbility.c_kino_eruption.text.[1]	Pon {C:attention}1 {C:Burn}contador de quemadura{} en el / {C:attention}comodín{} seleccionado o duplica los contadores / si ya tiene
A	.descriptions.BlindAbility.c_kino_eruption.text.[2]	Aumenta en {C:attention}1{} el límite de selección / para {C:attention}jugar{} y {C:attention}descartar
S	.descriptions.BlindAbility.c_kino_high_noon.name	Solo ante el peligro
A	.descriptions.BlindAbility.c_kino_high_noon.text.[1]	Selecciona cartas con hasta {C:attention}#1#{} contadores / y quítaselos
A	.descriptions.BlindAbility.c_kino_high_noon.text.[2]	Se reactiva cada vez que descartas o juegas
S	.descriptions.BlindAbility.c_kino_lightning_rod.name	Pararrayos
A	.descriptions.BlindAbility.c_kino_lightning_rod.text.[1]	Gana {C:attention}2{} cargas al robar / una carta y pierde / {C:attention}TODAS{} las cargas al usar / la habilidad / {C:inactive}(Actual: {C:attention}#1#{C:inactive} cargas)
A	.descriptions.BlindAbility.c_kino_lightning_rod.text.[2]	Quita {C:attention}1{C:attention} contador de descarga{} por carga / de los {C:attention}comodines / y ponlos en {C:attention}1{} carta de juego / seleccionada sin contadores
S	.descriptions.BlindAbility.c_kino_list.name	Lista
A	.descriptions.BlindAbility.c_kino_list.text.[1]	Permite que anote {C:attention}#3#{} carta / menos
A	.descriptions.BlindAbility.c_kino_list.text.[2]	Se puede usar si se han descartado / {C:attention}#1#{} cartas {C:inactive}(#2#/#1#)
S	.descriptions.BlindAbility.c_kino_penance_stare.name	Mirada de penitencia
A	.descriptions.BlindAbility.c_kino_penance_stare.text.[1]	Duplica los {C:Chain}contadores de cadena{} de / la carta seleccionada y quita {C:attention}1 / contador de todas las cartas de la baraja / que compartan su palo o categoría
S	.descriptions.ContentPackage.kino_abduction.name	Kino: Abducción
A	.descriptions.ContentPackage.kino_abduction.text	Añade contenido de Kino / centrado en la mecánica de {C:Alien}abducción{}
S	.descriptions.ContentPackage.kino_action.name	Kino: Acción
A	.descriptions.ContentPackage.kino_action.text	Añade contenido de Kino / centrado en la mejora de {C:attention}acción{}
S	.descriptions.ContentPackage.kino_crime.name	Kino: Crimen
A	.descriptions.ContentPackage.kino_crime.text	Añade contenido de Kino / centrado en la mejora de {C:attention}crimen{}
S	.descriptions.ContentPackage.kino_demonic.name	Kino: Demoníaco
A	.descriptions.ContentPackage.kino_demonic.text	Añade contenido de Kino / centrado en la mejora {C:attention}demoníaca{}
S	.descriptions.ContentPackage.kino_horror.name	Kino: Terror
A	.descriptions.ContentPackage.kino_horror.text	Añade contenido de Kino / centrado en la mejora de {C:attention}terror{}
S	.descriptions.ContentPackage.kino_mystery.name	Kino: Misterio
A	.descriptions.ContentPackage.kino_mystery.text	Añade contenido de Kino / centrado en la mejora de {C:attention}misterio{}
S	.descriptions.ContentPackage.kino_romance.name	Kino: Romance
A	.descriptions.ContentPackage.kino_romance.text	Añade contenido de Kino / centrado en la mejora de {C:attention}romance{}
S	.descriptions.ContentPackage.kino_sci_fi.name	Kino: Mejora de ciencia ficción
A	.descriptions.ContentPackage.kino_sci_fi.text	Añade contenido de Kino / centrado en la mejora de {C:attention}ciencia ficción{}
S	.descriptions.ContentPackage.kino_spellcasting.name	Kino: Hechicería
A	.descriptions.ContentPackage.kino_spellcasting.text	Añade contenido de Kino / centrado en la mejora de {C:attention}fantasía{}
S	.descriptions.ContentPackage.kino_superhero.name	Kino: Superhéroes
A	.descriptions.ContentPackage.kino_superhero.text	Añade contenido de Kino / centrado en la mejora de {C:attention}superhéroe{}
S	.descriptions.ContentPackage.oops_all_jimbos.name	¡Ups! Todo Jimbos
A	.descriptions.ContentPackage.oops_all_jimbos.text	Todos los comodines originales / con una ilustración alternativa de Jimbo
S	.descriptions.ContentPackage.standard_kino_playset.name	Comodines de Kino sencillos
A	.descriptions.ContentPackage.standard_kino_playset.text	Añade 150 comodines de Kino / que no dependen de consumibles / únicos ni de mecánicas complejas
S	.descriptions.ContentPackage.vanilla_food.name	Original: Comida
A	.descriptions.ContentPackage.vanilla_food.text	Añade contenido original / con temática de comida
S	.descriptions.ContentPackage.vanilla_kino_tarots.name	Tarots: Original (para Kino)
A	.descriptions.ContentPackage.vanilla_kino_tarots.text	Añade los tarots originales que / no tienen un equivalente funcional / en Balatro Goes Kino
S	.descriptions.ContentPackage.vanilla_meta.name	Original: ¡¿Esto no son comodines?!
A	.descriptions.ContentPackage.vanilla_meta.text	Añade contenido original / centrado en comodines que / ningún casino metería en su baraja
S	.descriptions.ContentPackage.vanilla_mystical.name	Original: Místico
A	.descriptions.ContentPackage.vanilla_mystical.text	Añade contenido original / con temática mística
S	.descriptions.ContentPackage.vanilla_performers.name	Original: Espectáculo
A	.descriptions.ContentPackage.vanilla_performers.text	Añade contenido original / con temática de espectáculo
S	.descriptions.ContentPackage.vanilla_science.name	Original: Ciencia
A	.descriptions.ContentPackage.vanilla_science.text	Añade contenido original / con temática científica
S	.descriptions.ContentPackage.vanilla_space.name	Original: Espacio
A	.descriptions.ContentPackage.vanilla_space.text	Añade contenido original / con temática extraterrestre
S	.descriptions.Counter.counter_burn.name	Contador de quemadura
A	.descriptions.Counter.counter_burn.text	{C:attention}Sube 1 /   / Tiene {C:green}1 en 10{} / probabilidades de {C:red}autodestruirse
S	.descriptions.Counter.counter_chip.name	Contador de fichas
A	.descriptions.Counter.counter_chip.text	{C:attention}Baja 1 / {s:0.6}  / Da {C:chips}+#1#{} fichas / por contador
S	.descriptions.Counter.counter_debt.name	Contador de deuda
A	.descriptions.Counter.counter_debt.text	{C:attention}Baja 1 /   / Pierdes {C:money}$#1#{} / por contador
S	.descriptions.Counter.counter_drowsy.name	Contador de somnolencia
A	.descriptions.Counter.counter_drowsy.text	{C:attention}Sube 1 /   / {C:green}1 en 10{} probabilidades por contador / de convertirse en / contadores de sueño
S	.descriptions.Counter.counter_frost.name	Contador de escarcha
A	.descriptions.Counter.counter_frost.text	{C:attention}Baja 1 /   / Reduce a la mitad la puntuación / que da mientras tenga / algún contador
S	.descriptions.Counter.counter_investment.name	Contador de inversión
A	.descriptions.Counter.counter_investment.text	{C:attention}Baja 1 /   / Pierdes $1 por contador aplicado / Ganas {C:money}$#1#{} / por contador
S	.descriptions.Counter.counter_kino_blood.name	Contador de sangre
A	.descriptions.Counter.counter_kino_blood.text	Cuando esta carta es {C:Drain}drenada{}, / {C:attention}baja 1 / y no pierde la propiedad de {C:Drain}drenada
S	.descriptions.Counter.counter_kino_bullet_joker.name	Cargador de balas
A	.descriptions.Counter.counter_kino_bullet_joker.text	Máximo de {C:attention}#2#{} balas / en el cargador
S	.descriptions.Counter.counter_kino_bullet_pcard.name	Cargador de balas
A	.descriptions.Counter.counter_kino_bullet_pcard.text	Máximo de {C:attention}#2#{} balas / en el cargador /   / {C:attention}Reactiva{} esta carta / una vez por contador / y luego quita todos los contadores
S	.descriptions.Counter.counter_kino_chain.name	Contador de cadena
A	.descriptions.Counter.counter_kino_chain.text	{C:attention}Baja 1 al descartarse /   / No se puede descartar / mientras tenga contadores
S	.descriptions.Counter.counter_kino_drought.name	Contador de sequía
A	.descriptions.Counter.counter_kino_drought.text	{C:attention}Baja 1 /   / La carta no puede anotar / mientras tenga contadores
S	.descriptions.Counter.counter_kino_glass.name	Contador de vidrio
A	.descriptions.Counter.counter_kino_glass.text	{C:attention}Baja 1 /   / {C:green}#1# en #2#{} probabilidades de / destruir la carta cuando / termina toda la puntuación
S	.descriptions.Counter.counter_kino_heartbreak.name	Contador de desamor
A	.descriptions.Counter.counter_kino_heartbreak.text	{C:attention}Quita todos los contadores / {C:attention}cuando esta carta anota
S	.descriptions.Counter.counter_kino_power.name	Contador de poder
A	.descriptions.Counter.counter_kino_power.text	{C:attention}Baja 1 /   / Aumenta el poder de la carta un {C:attention}#1# %{} / mientras tenga / algún contador
S	.descriptions.Counter.counter_money.name	Contador de dinero
A	.descriptions.Counter.counter_money.text	{C:attention}Baja 1 /   / Ganas {C:money}$#1#{} / por contador
S	.descriptions.Counter.counter_mult.name	Contador de multi
A	.descriptions.Counter.counter_mult.text	{C:attention}Baja 1 / {s:0.15}  / Da {C:mult}+#1#{} multi / por contador
S	.descriptions.Counter.counter_paralysis.name	Contador de descarga
A	.descriptions.Counter.counter_paralysis.text	{C:attention}Baja 1 /   / Tiene {C:green}1 en 10{} probabilidades / de no activarse / por contador
S	.descriptions.Counter.counter_poison.name	Contador de veneno
A	.descriptions.Counter.counter_poison.text	{C:attention}Baja 1 /   / Reduce las {C:chips}fichas{} y el {C:mult}multi / un {C:attention}#1# %{} por contador
S	.descriptions.Counter.counter_retrigger.name	Contador de reactivación
A	.descriptions.Counter.counter_retrigger.text	{C:attention}Baja 1 /   / Se reactiva {C:attention}#1#{} vez / por contador
S	.descriptions.Counter.counter_sleep.name	Contador de sueño
A	.descriptions.Counter.counter_sleep.text	{C:attention}Baja 1 / {C:green}1 en #1#{} probabilidades (contadores totales) / de eliminar todos los contadores /   / Debilitada mientras / tenga algún contador
S	.descriptions.Counter.counter_stun.name	Contador de aturdimiento
A	.descriptions.Counter.counter_stun.text	{C:attention}Baja 1 / {C:attention}tras jugar una mano /   / Debilitada mientras / tenga algún contador
S	.descriptions.Counter.counter_xmult.name	Contador de multi X
A	.descriptions.Counter.counter_xmult.text	{C:attention}Baja 1 / {s:0.3}  / Da multi {X:mult,C:white}x#1#{} / por contador
S	.descriptions.Enhanced.m_kino_action.name	Carta de acción
A	.descriptions.Enhanced.m_kino_action.text	Crea una {C:Bullet}bala{} / al robarla
S	.descriptions.Enhanced.m_kino_angelic.name	Carta angelical
A	.descriptions.Enhanced.m_kino_angelic.text	{C:chips}+#1#{} fichas por cada / carta que tengas en la mano / {C:green}#2# en #3#{} probabilidades / de crear en tu mano una copia {C:attention}angelical / de una carta aleatoria de tu baraja completa
S	.descriptions.Enhanced.m_kino_crime.name	Carta de crimen
A	.descriptions.Enhanced.m_kino_crime.text	{C:attention}Robo:{} reduce el {C:attention}valor de venta{} de / un {C:attention}comodín{} o {C:attention}consumible{} aleatorio / en {C:money}$#1#{} para ganar {C:money}$#2# / {C:inactive}(Dinero robado en total: {C:money}$#3#{C:inactive})
S	.descriptions.Enhanced.m_kino_demonic.name	Carta demoníaca
A	.descriptions.Enhanced.m_kino_demonic.text	Sacrifica la carta {C:attention}no demoníaca / que menos anota / {X:mult,C:white}X#3#{} por cada / carta no demoníaca que anota
S	.descriptions.Enhanced.m_kino_error.name	name = 'ERROR'
A	.descriptions.Enhanced.m_kino_error.text	text = { / [c:chips]x#1#[] fichas mientras / está en la mano / está en la mano / print('testdebugerrorcard') / }
S	.descriptions.Enhanced.m_kino_fabricated_monster.name	Carta mecánica
S	.descriptions.Enhanced.m_kino_fabricated_monster_1.name	Carta mecánica, Mk. 1
A	.descriptions.Enhanced.m_kino_fabricated_monster_1.text	Multi {C:white,X:mult}x#1#{} mientras está en la mano / Mejora si hay una carta de la misma categoría / en la mano / Empeora si anota
S	.descriptions.Enhanced.m_kino_fabricated_monster_2.name	Carta mecánica, Mk. 2
A	.descriptions.Enhanced.m_kino_fabricated_monster_2.text	{C:attention}No se puede descartar{} /  / Multi {C:white,X:mult}x#1#{} mientras está en la mano / Mejora si hay una carta del mismo palo / en la mano / Empeora si anota
S	.descriptions.Enhanced.m_kino_fabricated_monster_3.name	Carta mecánica, Mk. 3
A	.descriptions.Enhanced.m_kino_fabricated_monster_3.text	{C:attention}No se puede descartar{} /  / Multi {C:white,X:mult}x#1#{} y {C:white,X:chips}x#2#{} / mientras está en la mano / Empeora si anota
S	.descriptions.Enhanced.m_kino_factory.name	Carta de fábrica
A	.descriptions.Enhanced.m_kino_factory.text	Reúne materiales de las cartas que anotan / y crea un consumible cuando / se reúnen #1# materiales cualesquiera / {C:inactive}(No necesita espacio)
S	.descriptions.Enhanced.m_kino_fantasy.name	Carta de fantasía
A	.descriptions.Enhanced.m_kino_fantasy.text	{C:Magic}Lanza un hechizo{} / al anotar, según / las tres primeras cartas / de la mano
S	.descriptions.Enhanced.m_kino_finance.name	Carta de finanzas
A	.descriptions.Enhanced.m_kino_finance.text	Cuando esta carta anota, / empiezas a {C:green}INVERTIR TODO TU {C:money}DINERO / Si ya estás invirtiendo, / cobras tu inversión / {C:inactive}(Inversión actual: {C:money}$#2#{C:inactive} durante #1# rondas)
S	.descriptions.Enhanced.m_kino_flying_monkey.name	Mono volador
A	.descriptions.Enhanced.m_kino_flying_monkey.text	Esbirro de la Bruja Malvada / Fichas {X:chips,C:white}X#1#{} / Multi {X:mult,C:white}X#2#{} / Se {C:red}autodestruye{} tras #3# manos
S	.descriptions.Enhanced.m_kino_fraction.name	Carta fracción
A	.descriptions.Enhanced.m_kino_fraction.text	Da {C:mult}+(X/Y){} multi / donde X son las fichas totales de / la carta de la izquierda e Y las / fichas totales de esta carta / {C:inactive}(Actual: {C:mult}+#2#/#1#{C:inactive} multi)
S	.descriptions.Enhanced.m_kino_horror.name	Carta de terror
A	.descriptions.Enhanced.m_kino_horror.text	{C:chips}+#1#{} fichas extra /  / Mientras está en la mano, / {C:green}#2# en #3#{} probabilidades de / {C:attention}despertar{} por turno en la mano
S	.descriptions.Enhanced.m_kino_monster.name	Carta de monstruo
A	.descriptions.Enhanced.m_kino_monster.text	{C:attention}No se puede descartar{} /  / Vuelve a dormirse / tras anotar
S	.descriptions.Enhanced.m_kino_mystery.name	Carta de misterio
A	.descriptions.Enhanced.m_kino_mystery.text.[1]	Multi {X:mult,C:white}x#1#{} / Aumenta en {X:mult,C:white}x#2#{} al / anotar si tienes la / {C:attention}carta sospechosa{} en la mano
A	.descriptions.Enhanced.m_kino_mystery.text.[2]	SOSPECHOSO: / Palo: {V:1}#3#{} / Categoría: {C:attention}#4#{}
S	.descriptions.Enhanced.m_kino_pennywise_balloon.name	Carta globo
A	.descriptions.Enhanced.m_kino_pennywise_balloon.text	Cualquier carta puede {C:attention,E:1}explotar{}
S	.descriptions.Enhanced.m_kino_romance.name	Carta de romance
A	.descriptions.Enhanced.m_kino_romance.text	Si la mano jugada contiene / exactamente {C:attention}2{} {C:attention}cartas de romance{} que anotan, / la primera da fichas {X:chips,C:white}X#1#{} / y la segunda multi {X:mult,C:white}X#2#{}
S	.descriptions.Enhanced.m_kino_rotisserie.name	Carta asador
A	.descriptions.Enhanced.m_kino_rotisserie.text	Cocina el segmento superior y / enfría los demás / al jugar una mano / Gira 1/16 por cada / carta que anota / Da {C:mult}multi{} según / lo uniforme que esté cocinada / {C:inactive}(Actual: {C:mult}+#1#{C:inactive} multi)
S	.descriptions.Enhanced.m_kino_sci_fi.name	Carta de ciencia ficción
A	.descriptions.Enhanced.m_kino_sci_fi.text	Gana {C:mult}+#1#{} multi y {C:chips}+#2#{} fichas / al anotar / {C:inactive}(Mejorada {C:attention}#6#{C:inactive} veces)
S	.descriptions.Enhanced.m_kino_superhero.name	Carta de superhéroe
A	.descriptions.Enhanced.m_kino_superhero.text	Multi {X:mult,C:white}X#1#{} / por mano jugada / esta ronda / {C:inactive}(Actual: multi {X:mult,C:white}X#2#{C:inactive})
S	.descriptions.Enhanced.m_kino_supervillain.name	Carta de supervillano
A	.descriptions.Enhanced.m_kino_supervillain.text	¡Mejora cada mano / cuando frustras su plan malvado! / {C:inactive}Los planes solo cuentan mientras esté en tu mano /    / Plan actual: {C:attention}Ninguno / Este villano está de relax /    / {C:attention}Frustra el plan: / sin hacer nada
S	.descriptions.Enhanced.m_kino_supervillain_cakes.name	Carta de supervillano
A	.descriptions.Enhanced.m_kino_supervillain_cakes.text	¡Mejora cada mano / cuando frustras su plan malvado! / {C:inactive}Los planes solo cuentan mientras esté en tu mano /    / Plan actual: {C:attention}Robar cuarenta pasteles / Roba una futura {C:Confection}golosina / cada vez que juegas una mano /    / {C:attention}Frustra el plan: / juega una mano que sume {C:attention}cuarenta
S	.descriptions.Enhanced.m_kino_supervillain_moon.name	Carta de supervillano
A	.descriptions.Enhanced.m_kino_supervillain_moon.text	¡Mejora cada mano / cuando frustras su plan malvado! / {C:inactive}Los planes solo cuentan mientras esté en tu mano /    / Plan actual: {C:attention}Volar la Luna / Pon 2 {C:attention}contadores de aturdimiento{} en / cada carta de {C:clubs}tréboles{} que anota /    / {C:attention}Frustra el plan: / juega una mano que contenga {C:attention}color{}
S	.descriptions.Enhanced.m_kino_supervillain_sidekick.name	Carta de supervillano
A	.descriptions.Enhanced.m_kino_supervillain_sidekick.text	¡Mejora cada mano / cuando frustras su plan malvado! / {C:inactive}Los planes solo cuentan mientras esté en tu mano /    / Plan actual: {C:attention}Apalear al compinche / Si juegas una {C:attention}carta alta{}, / destruye el comodín de menor valor de venta /    / {C:attention}Frustra el plan: / juega una mano con {C:attention}doble pareja{} / teniendo otra pareja en la mano
S	.descriptions.Enhanced.m_kino_supervillain_toddler.name	Carta de supervillano
A	.descriptions.Enhanced.m_kino_supervillain_toddler.text	¡Mejora cada mano / cuando frustras su plan malvado! / {C:inactive}Los planes solo cuentan mientras esté en tu mano /    / Plan actual: {C:attention}Quitarle un caramelo a un niño / Pierdes {C:money}$1{} por cada / {C:attention}2{} que anota /    / {C:attention}Frustra el plan: / juega una {C:attention}escalera / con una carta menor que {C:attention}5
S	.descriptions.Enhanced.m_kino_time.name	Carta del tiempo
A	.descriptions.Enhanced.m_kino_time.text	Da {C:chips}+#1#{} fichas, / que bajan {C:chips}+#2#{} fichas / cada {C:attention}5 segundos desde que se robó / {C:inactive}(Actual: {C:chips}+#3#{C:inactive} fichas)
S	.descriptions.Enhanced.m_kino_wifi.name	Carta wifi
A	.descriptions.Enhanced.m_kino_wifi.text	Da fichas iguales / a la categoría de todas / las demás cartas wifi / de tu baraja / {C:inactive}(Actual: {C:chips}+#1#{C:inactive} fichas)
S	.descriptions.Joker.j_kino_10_things_i_hate_about_you.name	10 razones para odiarte
A	.descriptions.Joker.j_kino_10_things_i_hate_about_you.text.[1]	Si la mano contiene una {C:attention}carta de romance{} que anota, / consume todas las {C:attention}cargas{} para dar / {C:chips}+#2#{} fichas y {C:mult}+#1#{} multi / por {C:attention}carga
A	.descriptions.Joker.j_kino_10_things_i_hate_about_you.text.[2]	Gana {C:attention}1{} carga si / la mano no contiene una {C:attention}carta de romance{} / {C:inactive}(Actual: #3# cargas)
A	.descriptions.Joker.j_kino_10_things_i_hate_about_you.unlock	Juega una mano que contenga / solo una {C:attention}carta de romance{}
S	.descriptions.Joker.j_kino_12_angry_men.name	Doce hombres sin piedad
A	.descriptions.Joker.j_kino_12_angry_men.text	Cada {C:attention}rey{} que anota da {C:mult}+#1#{} multi / por cada carta de {C:attention}figura{} anotada en esta apuesta inicial / {C:inactive}(Actual: {C:mult}+#2#{C:inactive} multi)
A	.descriptions.Joker.j_kino_12_angry_men.unlock	Ten al menos {C:attention}12 / {C:attention}reyes{} en tu baraja
S	.descriptions.Joker.j_kino_12_monkeys.name	Doce monos
A	.descriptions.Joker.j_kino_12_monkeys.text	{C:green}#1# en #2#{} probabilidades de crear, / al seleccionar la {C:attention}ciega{}, una carta / del mismo {C:attention}tipo{} que la primera / vendida en la última {C:attention}ciega / {C:inactive}(creará un {C:attention}#3#{C:inactive})
S	.descriptions.Joker.j_kino_2001_odyssey.name	2001: Una odisea del espacio
A	.descriptions.Joker.j_kino_2001_odyssey.text	{C:attention}Mejora{} todas las {C:attention}cartas de / {C:attention}ciencia ficción{} de tu baraja / al usar un {C:planet}planeta{}
S	.descriptions.Joker.j_kino_30_days_of_night.name	30 días de oscuridad
A	.descriptions.Joker.j_kino_30_days_of_night.text.[1]	{C:white,X:attention}Activo:{} {C:Drain}drena{} la {C:attention}mejora / de las cartas que anotan / y gana multi {X:mult,C:white}X#3#{}
A	.descriptions.Joker.j_kino_30_days_of_night.text.[2]	{C:white,X:attention}Inactivo:{} da multi {X:mult,C:white}X#2#{} / {C:inactive}(Este comodín no puede volver a activarse / {C:inactive}después de anotar)
A	.descriptions.Joker.j_kino_30_days_of_night.unlock	Llega a la ronda {C:attention}30
S	.descriptions.Joker.j_kino_500_days_of_summer.name	(500) días juntos
A	.descriptions.Joker.j_kino_500_days_of_summer.text.[1]	Pon {C:Heartache}#2# contadores de desamor / en los {C:attention}#1#{} que no anotan; / la categoría cambia cada ronda
A	.descriptions.Joker.j_kino_500_days_of_summer.text.[2]	Gana {C:mult}+#3#{} multi cuando / se quita un {C:Heartache}contador / de desamor / {C:inactive}(Actual: {C:mult}+#4#{C:inactive} multi)
A	.descriptions.Joker.j_kino_500_days_of_summer.unlock	Aplica {C:attention}#2# {C:Heartache}contadores de desamor / {C:inactive}(#1#)
S	.descriptions.Joker.j_kino_50_first_dates.name	50 primeras citas
A	.descriptions.Joker.j_kino_50_first_dates.text	Las {C:attention}cartas de romance{} jugadas / se reactivan {C:attention}#1#{} veces más / al anotar
S	.descriptions.Joker.j_kino_6_underground.name	6 en la sombra
A	.descriptions.Joker.j_kino_6_underground.text	Cada {C:attention}6{} jugado / da {C:mult}+#1#{} multi al anotar
A	.descriptions.Joker.j_kino_9_movie.text	Cada {C:attention}9{} que anota da / {C:chips}+#1#{} fichas por cada / vez que ha anotado un {C:attention}9{} en esta {C:attention}apuesta inicial / {C:inactive}(Actual: {C:chips}+#2#{C:inactive} fichas)
A	.descriptions.Joker.j_kino_9_movie.unlock	Juega una mano que contenga / {C:attention}cinco 9
S	.descriptions.Joker.j_kino_abyss.name	Abyss
A	.descriptions.Joker.j_kino_abyss.text	Las cartas en la mano tienen / {C:green}#1# en #2#{} probabilidades de dar un {C:Jumpscare}susto{}, / que aumentan en {C:green}#3#{} por / cada carta que no anota
S	.descriptions.Joker.j_kino_accountant_1.name	El contable
A	.descriptions.Joker.j_kino_accountant_1.text	{C:Bullet}Cargado:{} gana {C:money}$#1#{} por / {C:Bullet}bala{} y consume {C:attention}1
A	.descriptions.Joker.j_kino_accountant_1.unlock	Carga {C:attention}#2# {C:Bullet}balas{} / {C:inactive}(#1#)
S	.descriptions.Joker.j_kino_ai_artificial.name	A.I. Inteligencia Artificial
A	.descriptions.Joker.j_kino_ai_artificial.text	{C:mult}+#1#{} multi por cada / {C:attention}carta de ciencia ficción{} mejorada / {C:inactive}(Actual: {C:mult}+#2#{C:inactive} multi)
A	.descriptions.Joker.j_kino_ai_artificial.unlock	Mejora #2# {C:attention}cartas de ciencia ficción{} / {C:inactive}(#1#)
S	.descriptions.Joker.j_kino_alien_1.name	Alien, el octavo pasajero
A	.descriptions.Joker.j_kino_alien_1.text.[1]	{C:green}#1# en #3#{} probabilidades / de destruir todos los demás {C:attention}comodines / tras anotar una mano
A	.descriptions.Joker.j_kino_alien_1.text.[2]	Multi {X:mult,C:white}X#4#{} por carta que anota / y aumenta la probabilidad en {C:green}#2#{} / Se reinicia al vender un comodín
A	.descriptions.Joker.j_kino_alien_1.unlock	Gana una partida con / al menos 1 {C:attention}comodín de Alien / o derrota a la {C:attention}Reina Xenomorfo{}
S	.descriptions.Joker.j_kino_alien_3.name	Alien 3
A	.descriptions.Joker.j_kino_alien_3.text	Crea {C:attention}LV426{} si / la mano contiene solo / cartas {C:attention}debilitadas{}
A	.descriptions.Joker.j_kino_alien_3.unlock	Gana una partida con / al menos 1 {C:attention}comodín de Alien / o usa cinco {C:attention}LV426{} / {C:inactive}(#1#)
S	.descriptions.Joker.j_kino_aliens.name	Aliens: El regreso
A	.descriptions.Joker.j_kino_aliens.text	Multi {X:mult,C:white}X#2#{} / {C:attention}Debilita 2{} cartas aleatorias / de la baraja
A	.descriptions.Joker.j_kino_aliens.unlock	Gana una partida con / al menos 1 {C:attention}comodín de Alien / o ten 10 cartas {C:attention}debilitadas{} / en tu baraja completa
S	.descriptions.Joker.j_kino_always.name	Always
A	.descriptions.Joker.j_kino_always.text	Mejora todas las {C:attention}cartas de romance / de la baraja con {C:chips}+#1#{} fichas / cuando se {C:attention}destruye{} una carta
S	.descriptions.Joker.j_kino_angel_hearts.name	El corazón del ángel
A	.descriptions.Joker.j_kino_angel_hearts.text.[1]	Cada carta de {C:hearts}corazones{} jugada da / {C:mult}+#2#{} multi al anotar
A	.descriptions.Joker.j_kino_angel_hearts.text.[2]	Duplica el {C:mult}multi{} cuando / una carta de {C:hearts}corazones{} anota por {C:attention}primera{} vez / en cada mano / {C:inactive}(Se reinicia al final de la ronda)
A	.descriptions.Joker.j_kino_angel_hearts.unlock	No tengas {C:hearts}corazones{} en tu baraja
S	.descriptions.Joker.j_kino_annabelle.name	Annabelle
A	.descriptions.Joker.j_kino_annabelle.text	Cada carta {C:attention}de 5 o menos / que tengas en la mano tiene / {C:green}X en #2#{} probabilidades / de dar un {C:Jumpscare}susto{}, / siendo X igual a su categoría
S	.descriptions.Joker.j_kino_annihilation.name	Aniquilación
A	.descriptions.Joker.j_kino_annihilation.text	{C:green}#1# en #2#{} probabilidades de que / las cartas que anotan copien / la {C:attention}categoría{}, el {C:attention}palo{}, la {C:attention}mejora{}, / el {C:attention}sello{C:attention} o la {C:attention}edición / de la {C:attention}primera{} carta que anota
A	.descriptions.Joker.j_kino_annihilation.unlock	Ten solo cartas {C:attention}modificadas / en tu baraja completa
S	.descriptions.Joker.j_kino_anora.name	Anora
A	.descriptions.Joker.j_kino_anora.text	Si la mano contiene dos / {C:attention}cartas de romance{} que anotan, / pon #1# {C:green}contador de dinero{} / en cada carta de la mano
A	.descriptions.Joker.j_kino_anora.unlock	Ten {C:attention}3{} {C:green}contadores de dinero{} / en una misma carta
S	.descriptions.Joker.j_kino_apollo_13.name	Apolo 13
A	.descriptions.Joker.j_kino_apollo_13.text	Pon un {C:attention}contador de reactivación / en otro {C:attention}comodín / al usar un {C:planet}planeta{}
A	.descriptions.Joker.j_kino_apollo_13.unlock	Usa un {C:StrangePlanet}planeta extraño{}
S	.descriptions.Joker.j_kino_arrival.name	La llegada
A	.descriptions.Joker.j_kino_arrival.text	Baja la {C:attention}apuesta inicial{} en #1# / y se {C:mult}autodestruye{} / al resolver el {C:attention}Códice
A	.descriptions.Joker.j_kino_arrival.unlock	Supera la apuesta inicial {C:attention}0
S	.descriptions.Joker.j_kino_as_above.name	Así en la tierra como en el infierno
A	.descriptions.Joker.j_kino_as_above.text	{C:chips}+#2#{} fichas por / cada carta {C:attention}descartada / esta ronda / {C:inactive}(Actual: {C:chips}+#1#{C:inactive} fichas)
S	.descriptions.Joker.j_kino_asteroid_city.name	Asteroid City
A	.descriptions.Joker.j_kino_asteroid_city.text.[1]	{C:Alien}Abduce{} el {C:attention}comodín{} de la derecha / si no hay ningún {C:attention}comodín{} abducido / al jugar una mano
A	.descriptions.Joker.j_kino_asteroid_city.text.[2]	{C:white,X:Alien}Liberar:{} lo devuelve {C:dark_edition}negativo
A	.descriptions.Joker.j_kino_asteroid_city.unlock	{C:Alien}Abduce{} {C:attention}100 cartas / {C:inactive}(#1#)
S	.descriptions.Joker.j_kino_avatar.name	Avatar
A	.descriptions.Joker.j_kino_avatar.text	Gana {C:chips}+#2#{} fichas por cada vez / que se ha jugado tu tipo de mano más jugado / al usar un {C:planet}planeta{} / {C:inactive}(Actual: {C:chips}+#1#{C:inactive} fichas)
S	.descriptions.Joker.j_kino_avengers_endgame.name	Vengadores: Endgame
A	.descriptions.Joker.j_kino_avengers_endgame.text.[1]	Por cada comodín de {C:Superhero}superhéroe{} que tengas, / pon #1# {C:attention}contador de reactivación{} / en él y en otro comodín aleatorio / al seleccionar una ciega
A	.descriptions.Joker.j_kino_avengers_endgame.text.[2]	Por cada {C:Superhero}carta de superhéroe{} de tu baraja, / pon #1# {C:attention}contador de reactivación{} / en ella y en otra carta aleatoria de la baraja / al seleccionar una ciega
S	.descriptions.Joker.j_kino_baby_driver.name	Baby Driver
A	.descriptions.Joker.j_kino_baby_driver.text	Si una carta que anota / es adyacente a una carta / de categoría {C:attention}contigua{}, / da tantas {C:chips}fichas{} como {C:attention}x1{} su categoría
S	.descriptions.Joker.j_kino_baby_geniuses.name	Bebés genios
A	.descriptions.Joker.j_kino_baby_geniuses.text	Cada {C:attention}2{} jugado da / {C:chips}+#1#{} fichas al anotar
S	.descriptions.Joker.j_kino_barbie.name	Barbie
A	.descriptions.Joker.j_kino_barbie.text	Cada carta de {C:attention}figura / que tengas en la mano / da multi {X:mult,C:white}X1{} + {X:mult,C:white}X#1#{} / por cada {C:attention}reina{} que anota
S	.descriptions.Joker.j_kino_batman_1989.name	Batman (1989)
A	.descriptions.Joker.j_kino_batman_1989.text	Gana {C:mult}+#1#{} por cada espacio de {C:attention}comodín{} vacío / al final de la ronda / (los comodines de Batman cuentan como vacíos) / {C:inactive}(Actual: {C:mult}+#3#{C:inactive} multi; gana {C:mult}+#2#{C:inactive} multi)
A	.descriptions.Joker.j_kino_batman_1989.unlock	Derrota al {C:attention}Joker
S	.descriptions.Joker.j_kino_batman_2022.name	The Batman (2022)
A	.descriptions.Joker.j_kino_batman_2022.text	Reactiva una carta {C:attention}#1#{} veces / por cada espacio de {C:attention}comodín{} vacío / (los comodines de Batman cuentan como vacíos) / {C:inactive}(Actual: #2# espacios)
A	.descriptions.Joker.j_kino_batman_2022.unlock	Gana una partida con / {C:attention}4{} espacios de comodín vacíos
S	.descriptions.Joker.j_kino_batman_66.name	Batman (1966)
A	.descriptions.Joker.j_kino_batman_66.text	Crea #1# carta(s) de {C:tarot}tarot{} / al seleccionar la {C:attention}ciega / Si es una {C:attention}ciega jefe{}, / crea #1# {C:attention}comodín(es) de Batman{} en su lugar / {C:inactive}(Debe haber espacio)
A	.descriptions.Joker.j_kino_batman_66.unlock	Gana con {C:attention}cinco{} comodines de Batman
S	.descriptions.Joker.j_kino_batman_and_robin.name	Batman y Robin
A	.descriptions.Joker.j_kino_batman_and_robin.text	Mejora las cartas que anotan con {C:mult}+#1#{} multi / por cada espacio de {C:attention}comodín{} vacío / si la mano jugada es una {C:attention}pareja / (los comodines de Batman cuentan como vacíos) / {C:inactive}(Gana {C:mult}+#2#{C:inactive} multi)
A	.descriptions.Joker.j_kino_batman_and_robin.unlock	Usa {C:attention}El superhéroe{} / {C:attention}#2#{} veces / {C:inactive}(#1#)
S	.descriptions.Joker.j_kino_batman_begins.name	Batman Begins
A	.descriptions.Joker.j_kino_batman_begins.text	Gana {C:money}$#1#{} por cada / espacio de {C:attention}comodín{} vacío / (los comodines de Batman cuentan como vacíos) / {C:inactive}(Actual: {C:money}$#2#{C:inactive})
S	.descriptions.Joker.j_kino_batman_forever.name	Batman Forever
A	.descriptions.Joker.j_kino_batman_forever.text.[1]	Gana {C:attention}+#2#{} carga al / jugar una mano / {C:inactive}(Actual: #1# cargas)
A	.descriptions.Joker.j_kino_batman_forever.text.[2]	Consume {C:attention}#3#{} cargas para añadir una {C:attention}pegatina de Robin{} / al comodín de la derecha
A	.descriptions.Joker.j_kino_batman_forever.unlock	Gana una partida con / un {C:attention}comodín de Batman
S	.descriptions.Joker.j_kino_batman_killing_joke.name	Batman: La broma asesina
A	.descriptions.Joker.j_kino_batman_killing_joke.text	{C:chips}+#1#{} fichas / Se duplica por cada espacio de {C:attention}comodín{} vacío / (los comodines de Batman cuentan como vacíos) / {C:inactive}(Actual: {C:chips}+#2#{C:inactive} fichas)
A	.descriptions.Joker.j_kino_batman_killing_joke.unlock	Destruye al {C:attention}Joker{} con / un {C:attention}comodín de Batman
S	.descriptions.Joker.j_kino_batman_mask_of_the_phantasm.name	Batman: La máscara del fantasma
A	.descriptions.Joker.j_kino_batman_mask_of_the_phantasm.text	{C:green}#1# en #2#{} probabilidades de convertir / el {C:attention}comodín{} de la derecha en un {C:attention}comodín de Batman / al seleccionar la {C:attention}ciega / {C:green}#3# en #2#{} probabilidades de que / se convierta en {C:attention}Joker{} en su lugar / {C:inactive}(No transforma comodines de Batman ni al Joker)
A	.descriptions.Joker.j_kino_batman_mask_of_the_phantasm.unlock	Destruye al {C:attention}Joker{} con / un {C:attention}comodín de Batman
S	.descriptions.Joker.j_kino_batman_returns.name	Batman vuelve
A	.descriptions.Joker.j_kino_batman_returns.text	{C:attention}+#1#{} espacio de comodín / por cada {C:attention}#2#{} {C:attention}comodines{} de Batman
A	.descriptions.Joker.j_kino_batman_returns.unlock	Gana una partida con / {C:attention}ocho{} espacios de comodín
S	.descriptions.Joker.j_kino_batmanvsuperman.name	Batman v Superman: El amanecer de la justicia
A	.descriptions.Joker.j_kino_batmanvsuperman.text	Los {C:attention}comodines de Batman{} tienen / un {C:Power}#1# %{} de poder / durante las {C:attention}ciegas jefe
A	.descriptions.Joker.j_kino_batmanvsuperman.unlock	Gana una partida con / un comodín de {C:attention}Batman{} y / uno de {C:attention}Superman{}
S	.descriptions.Joker.j_kino_beemovie.name	Bee Movie: La historia de una abeja
A	.descriptions.Joker.j_kino_beemovie.text	Crea #1# {C:attention}panales{} negativos / al {C:attention}seleccionar una ciega
S	.descriptions.Joker.j_kino_beemovie_honeygrate.name	Panal
A	.descriptions.Joker.j_kino_beemovie_honeygrate.text	{X:dark_edition,C:white}^#1#{} / que aumenta en {X:dark_edition,C:white}^#2#{} por / cada {C:attention}panal{} del que te hayas deshecho en esta partida / {C:inactive}(Actual: #3# panales eliminados)
S	.descriptions.Joker.j_kino_beetlejuice_1988.name	Bitelchús
A	.descriptions.Joker.j_kino_beetlejuice_1988.text	Multi {X:mult,C:white}X#1#{} si la {C:attention}mano de póker / se ha jugado / un número de veces {C:attention}múltiplo de tres{}
S	.descriptions.Joker.j_kino_benjamin_button.name	El curioso caso de Benjamin Button
A	.descriptions.Joker.j_kino_benjamin_button.text	Reduce en {C:attention}1{} la categoría / de las cartas que anotan
S	.descriptions.Joker.j_kino_bfg.name	Mi amigo el gigante
A	.descriptions.Joker.j_kino_bfg.text	{C:mult}+#1#{} multi por cada / vez que se ha superado tu {C:attention}mejor mano / {C:attention}en esta partida / {C:inactive}(Actual: {C:mult}+#3#{C:inactive} multi) / {C:inactive}(Mejor mano: {C:chips,E:1}+#2#{C:inactive})
A	.descriptions.Joker.j_kino_bfg.unlock	Anota {C:chips}1.000.000.000{} fichas / en una sola mano
S	.descriptions.Joker.j_kino_big_daddy.name	Un papá genial
A	.descriptions.Joker.j_kino_big_daddy.text	Cada carta jugada que {C:attention}no es figura / se convierte en un {C:attention}2{} al anotar / si la mano que anota contiene un {C:attention}rey
A	.descriptions.Joker.j_kino_big_daddy.unlock	Descarta un {C:attention}2{} / y un {C:attention}rey / y ninguna otra carta
S	.descriptions.Joker.j_kino_big_short.name	La gran apuesta
A	.descriptions.Joker.j_kino_big_short.text.[1]	Gana {C:money}$#1#{} por cada {C:money}$#2#{} que tengas
A	.descriptions.Joker.j_kino_big_short.text.[2]	{C:green}#3# en #4#{} probabilidades de duplicar tu {C:money}dinero{} en su lugar
A	.descriptions.Joker.j_kino_big_short.text.[3]	{C:green}#5# en #6#{} probabilidades de {C:attention}arruinarte{} en su lugar / (La probabilidad aumenta en {C:green}#7#{} al final de la ronda)
S	.descriptions.Joker.j_kino_big_trouble_little_china.name	Golpe en la pequeña China
A	.descriptions.Joker.j_kino_big_trouble_little_china.text.[1]	Gana {C:attention}1{} carga / al {C:Magic}lanzar un hechizo
A	.descriptions.Joker.j_kino_big_trouble_little_china.text.[2]	Reduce la {C:attention}ciega jefe / un {C:attention}#3# %{} por cada {C:attention}carga{} consumida / {C:inactive}(Actual: {C:attention}#4# %{C:inactive})
A	.descriptions.Joker.j_kino_big_trouble_little_china.unlock	{C:Magic}Lanza un hechizo
S	.descriptions.Joker.j_kino_black_panther.name	Black Panther
A	.descriptions.Joker.j_kino_black_panther.text.[1]	{X:attention,C:white}Activo{}: la puntuación se juega / contra este comodín en lugar de la ciega; / al final de la apuesta inicial aumenta la ciega / y se pierde la puntuación acumulada
A	.descriptions.Joker.j_kino_black_panther.text.[2]	Gana {C:attention}#1#{} carga cuando / se supera el requisito / {C:inactive}(Actual: {C:attention}#2#{C:inactive}/{C:attention}#3#{C:inactive} de puntuación)
A	.descriptions.Joker.j_kino_black_panther.text.[3]	{X:inactive,C:white}Inactivo{}: da multi {X:mult,C:white}X#4#{} / por {C:attention}carga / {C:inactive}(Actual: multi {X:mult,C:white}X#5#{C:inactive})
S	.descriptions.Joker.j_kino_black_swan.name	Cisne negro
A	.descriptions.Joker.j_kino_black_swan.text	{C:green}#1# en #2#{} probabilidades de destruir / una {C:attention}reina{} que anota y crear una copia / mejorada con {C:mult}+#3#{} multi
A	.descriptions.Joker.j_kino_black_swan.unlock	Juega una mano que contenga / {C:attention}cinco{} {C:attention}reinas {C:blue}negras
S	.descriptions.Joker.j_kino_blade_1.name	Blade
A	.descriptions.Joker.j_kino_blade_1.text.[1]	{C:mult}+#1#{} multi por cada / {C:Drain}contador de sangre{} de tu baraja / {C:inactive}(Actual: {C:mult}+#2#{C:inactive} multi)
A	.descriptions.Joker.j_kino_blade_1.text.[2]	Destruye el {C:attention}comodín{} de la derecha / y pon en tu baraja tantos / {C:drain}contadores de sangre{} como su valor
A	.descriptions.Joker.j_kino_blade_1.unlock	Gana una partida con / un {C:Drain}comodín vampiro{}
S	.descriptions.Joker.j_kino_blade_runner.name	Blade Runner
A	.descriptions.Joker.j_kino_blade_runner.text	{C:attention}Mejora{} todas las {C:attention}cartas de ciencia ficción / de la baraja si la mano que anota / contiene una {C:attention}escalera{}
A	.descriptions.Joker.j_kino_blade_runner.unlock	Juega una {C:attention}escalera{} usando / solo {C:attention}cartas de ciencia ficción
S	.descriptions.Joker.j_kino_blair_witch.name	El proyecto de la bruja de Blair
A	.descriptions.Joker.j_kino_blair_witch.text.[1]	Los {C:green}cambios{} son gratis
A	.descriptions.Joker.j_kino_blair_witch.text.[2]	{C:green}#1# en #2#{} probabilidades / de {C:attention}destruir todos los demás comodines{} / al {C:green}cambiar; / la probabilidad aumenta en {C:green}#3#{} en cada {C:green}cambio / {C:red}Se autodestruye cuando la probabilidad llega a 100
S	.descriptions.Joker.j_kino_blank_check.name	Cheque en blanco
A	.descriptions.Joker.j_kino_blank_check.text	La {C:attention}primera{} compra de cada tienda / cuesta {C:money}$0{} y, en su lugar, pone / {C:attention}#1# {C:red}contadores de deuda{} por cada {C:money}$1 / de su coste en tu baraja
S	.descriptions.Joker.j_kino_bloodshot.name	Bloodshot
A	.descriptions.Joker.j_kino_bloodshot.text	{C:white,X:attention}Activo:{} quita un {C:mult}sello rojo / de una carta aleatoria de la baraja / y lo pone en la {C:attention}primera{} carta que anota
S	.descriptions.Joker.j_kino_blue_velvet.name	Terciopelo azul
A	.descriptions.Joker.j_kino_blue_velvet.text.[1]	{C:chips}+#4#{} fichas por {C:attention}carga / y consume una {C:attention}carga / {C:inactive}(Actual: {C:chips}+#5#{C:inactive} fichas y / {C:inactive} +#1# cargas
A	.descriptions.Joker.j_kino_blue_velvet.text.[2]	Gana {C:attention}#2#{} carga / al usar un {C:attention}consumible / Gana {C:attention}#3#{} cargas al / destruir una carta
S	.descriptions.Joker.j_kino_bones_and_all.name	Hasta los huesos
A	.descriptions.Joker.j_kino_bones_and_all.text.[1]	Multi {X:mult,C:white}X#1#{} por {C:attention}carga / y luego consume la mitad de las {C:attention}cargas{} actuales / {C:inactive}(Actual: #2# cargas y / multi {X:mult,C:white}X#3#{C:inactive})
A	.descriptions.Joker.j_kino_bones_and_all.text.[2]	Al seleccionar la {C:attention}ciega{}, / {C:attention}destruye{} el comodín / de la derecha para / ganar tantas {C:attention}cargas{} como / su {C:attention}valor de venta
A	.descriptions.Joker.j_kino_bones_and_all.unlock	Destruye {C:attention}#2#{} comodines de {C:Romance}romance{} / {C:inactive}(#1#)
S	.descriptions.Joker.j_kino_braveheart.name	Braveheart
A	.descriptions.Joker.j_kino_braveheart.text	Cada carta de {C:hearts}corazones{} que anota / da {C:chips}+#2#{} fichas por cada / otra carta de {C:hearts}corazones{} que anota
S	.descriptions.Joker.j_kino_breakfast_club.name	El club de los cinco
A	.descriptions.Joker.j_kino_breakfast_club.text	{C:mult}+#1#{} multi / Se {C:attention}duplica{} por cada {C:attention}#2#{} {C:clubs}tréboles / en tu baraja completa / {C:inactive}(Actual: {C:clubs}#3#{C:inactive} tréboles en la baraja)
S	.descriptions.Joker.j_kino_bringing_up_baby.name	La fiera de mi niña
A	.descriptions.Joker.j_kino_bringing_up_baby.text	Gana multi {X:mult,C:white}X#1#{} cuando / anota una carta {C:attention}mejorada / Si la mano que anota contiene exactamente / otra carta con la misma {C:attention}mejora{}, / gana multi {X:mult,C:white}X#2#{} en su lugar / {C:inactive}(Actual: multi {X:mult,C:white}X#3#{C:inactive})
S	.descriptions.Joker.j_kino_bttf.name	Regreso al futuro
A	.descriptions.Joker.j_kino_bttf.text.[1]	Revela las {c:attention}#1# primeras{} cartas de la baraja
S	.descriptions.Joker.j_kino_bucket_list.name	Ahora o nunca
A	.descriptions.Joker.j_kino_bucket_list.text	Cuando quedan {C:chips}0{} manos, / consume una {C:attention}carga{} y / gana {C:chips}+1{} mano / si aún no has ganado la {C:attention}ronda / {C:inactive}(Actual: quedan {C:attention}#1#{C:{C:inactive} cargas)
A	.descriptions.Joker.j_kino_bucket_list.unlock	Pierde una partida / en la {C:attention}ronda 7
S	.descriptions.Joker.j_kino_captain_blood.name	El capitán Blood
A	.descriptions.Joker.j_kino_captain_blood.text	{C:mult}+#1#{} multi por / cada {C:money}$1{} ganado desde / la última ronda / {C:inactive}(Actual: {C:mult}+#2#{C:inactive} multi)
S	.descriptions.Joker.j_kino_cars_1.name	Cars
A	.descriptions.Joker.j_kino_cars_1.text	{C:chips}+#1#{} fichas si eres / {C:attention}rápido{} /   / {C:inactive}(Actual: {C:chips}+#2#{C:inactive} fichas)
A	.descriptions.Joker.j_kino_cars_1.unlock	Consume {C:Confection}judías / mientras tienes / un {C:attention}comodín de película
S	.descriptions.Joker.j_kino_casablanca.name	Casablanca
A	.descriptions.Joker.j_kino_casablanca.text	Cada carta de {C:spades}picas{} o {C:clubs}tréboles{} jugada / da {C:chips}+#2#{} fichas y / {C:mult}+#1#{} multi al anotar
S	.descriptions.Joker.j_kino_castaway.name	Náufrago
A	.descriptions.Joker.j_kino_castaway.text	Si la mano que anota es una {C:attention}carta alta{}, / mejora cada carta que anota con {C:chips}+#1#{} fichas / por cada carta que no anota
A	.descriptions.Joker.j_kino_castaway.unlock	Gana una partida / con la mitad o menos / de tu baraja inicial
S	.descriptions.Joker.j_kino_cat_people.name	La mujer pantera
A	.descriptions.Joker.j_kino_cat_people.text	Cuando una {C:attention}carta de la suerte{} falla, / pon {C:attention}#1# contador(es) de reactivación / en ella
A	.descriptions.Joker.j_kino_cat_people.unlock	Gana una partida con / el {C:attention}gato de la suerte / o con {C:attention}10{} cartas de la suerte / en tu baraja
S	.descriptions.Joker.j_kino_catch_me_if_you_can.name	Atrápame si puedes
A	.descriptions.Joker.j_kino_catch_me_if_you_can.text	Las {C:attention}cartas versátiles{} jugadas dan / {C:money}$#1#{} al anotar
S	.descriptions.Joker.j_kino_charlie_and_the_chocolate_factory.name	Charlie y la fábrica de chocolate
A	.descriptions.Joker.j_kino_charlie_and_the_chocolate_factory.text	Las {C:Confection}golosinas{} siempre son / de {C:attention}chocolate{} / {C:inactive}(El chocolate aumenta los valores de las {C:Confection}golosinas{C:inactive})
S	.descriptions.Joker.j_kino_chef.name	Chef
A	.descriptions.Joker.j_kino_chef.text	Crea una {C:Confection}golosina{} / al seleccionar la {C:attention}ciega / {C:inactive}(Debe haber espacio)
S	.descriptions.Joker.j_kino_children_of_the_corn.name	Los chicos del maíz
A	.descriptions.Joker.j_kino_children_of_the_corn.text	{C:attention}Destruye{} una carta de {C:attention}figura{} de la mano / para dar {C:chips}+#1#{} fichas
A	.descriptions.Joker.j_kino_children_of_the_corn.unlock	Destruye {C:attention}10{} cartas de figura / en una misma partida
S	.descriptions.Joker.j_kino_childs_play_1.name	Muñeco diabólico
A	.descriptions.Joker.j_kino_childs_play_1.text.[1]	Al descartar una {C:attention}carta de monstruo{}, una {C:attention}carta de terror / o una carta {C:attention}de 5 o menos{}, / gana una carga
A	.descriptions.Joker.j_kino_childs_play_1.text.[2]	Consume la mitad de las cargas actuales / y da {C:chips}+#1#{} fichas / por cada carga consumida / {C:inactive}(Actual: {C:attention}#2#{C:inactive} cargas)
A	.descriptions.Joker.j_kino_childs_play_1.unlock	Ten {C:attention}cinco{} {C:attention}2{} de terror / o de monstruo en tu baraja
S	.descriptions.Joker.j_kino_citizen_kane.name	Ciudadano Kane
A	.descriptions.Joker.j_kino_citizen_kane.text	Gana multi {X:mult,C:white}X#1#{} al / {C:attention}jugar{} una mano o {C:attention}descartar / y duplica el {X:mult,C:white}multi{} ganado hasta / el final de la ronda / {C:inactive}(Actual: multi {X:mult,C:white}X#2#{C:inactive})
S	.descriptions.Joker.j_kino_clerks_1.name	Clerks
A	.descriptions.Joker.j_kino_clerks_1.text	{C:mult}+#3#{} multi cuando / han anotado cartas / que suman {C:attention}#2# / {C:inactive}(Categoría actual: {C:attention}#1#{C:inactive})
A	.descriptions.Joker.j_kino_clerks_1.unlock	Juega una mano cuyas / categorías sumen {C:attention}37
S	.descriptions.Joker.j_kino_clockwork_orange.name	La naranja mecánica
A	.descriptions.Joker.j_kino_clockwork_orange.text.[1]	{C:white,X:attention}Activo:{} consume {C:attention}cargas{} para dar / multi {X:mult,C:white}#2#X{} por {C:attention}carga{} / {C:inactive}(Actual: #1# cargas)
A	.descriptions.Joker.j_kino_clockwork_orange.text.[2]	Gana una {C:attention}carga{} cada vez / que se destruye una carta
A	.descriptions.Joker.j_kino_clockwork_orange.unlock	Gana una partida con un / comodín de {C:attention}Kubrick{}
S	.descriptions.Joker.j_kino_close_encounters.name	Encuentros en la tercera fase
A	.descriptions.Joker.j_kino_close_encounters.text.[1]	Si la mano jugada contiene / solo {C:attention}1{} carta, la {C:Alien}abduce
A	.descriptions.Joker.j_kino_close_encounters.text.[2]	{C:white,X:Alien}Liberar:{} devuelve las cartas a la baraja
A	.descriptions.Joker.j_kino_close_encounters.text.[3]	{C:chips}+#3#{} fichas por {C:attention}cada carta / {C:Alien}abducida{} ahora / {C:inactive}(Actual: {C:chips}+#4#{C:inactive} fichas)
S	.descriptions.Joker.j_kino_clown.name	Payaso
A	.descriptions.Joker.j_kino_clown.text	{C:mult}+#1#{} multi por {C:attention}payaso / Crea otro {C:attention}payaso / al final de una ciega / {C:inactive}(Debe haber espacio)
S	.descriptions.Joker.j_kino_cocktail.name	Cocktail
A	.descriptions.Joker.j_kino_cocktail.text	Gana {C:money}$#1#{} de {C:attention}valor de venta / al usar una / {C:Confection}golosina{}
S	.descriptions.Joker.j_kino_coco.name	Coco
A	.descriptions.Joker.j_kino_coco.text	Usar {C:tarot}La muerte{} también transforma / una carta aleatoria de la mano / en la carta de la derecha
A	.descriptions.Joker.j_kino_coco.unlock	Usa {C:attention}La muerte{} en dos / cartas de la misma categoría
S	.descriptions.Joker.j_kino_commando.name	Commando
A	.descriptions.Joker.j_kino_commando.text	Cada {C:attention}carta versátil / que tengas en la mano / da {C:mult}+#1#{} multi
S	.descriptions.Joker.j_kino_con_air.name	Con Air
A	.descriptions.Joker.j_kino_con_air.text	Reactiva la {C:attention}primera{} carta que / anota {C:attention}#1#{} vez/veces por cada / {C:attention}carta de crimen{} que anota
A	.descriptions.Joker.j_kino_con_air.unlock	Gana una partida con un / comodín de {C:attention}Nicolas Cage{}
S	.descriptions.Joker.j_kino_conjuring_1.name	Expediente Warren
A	.descriptions.Joker.j_kino_conjuring_1.text	{C:attention}¡No se puede vender!{} /   / Destruye la {C:attention}primera{} carta / robada en cada mano / para ganar {C:mult}+#1#{} multi / {C:inactive}(Actual: {C:mult}+#2#{C:inactive} multi)
A	.descriptions.Joker.j_kino_conjuring_1.unlock	Usa {C:attention}La bruja{} 25 veces / {C:inactive}(#1#)
S	.descriptions.Joker.j_kino_contagion.name	Contagio
A	.descriptions.Joker.j_kino_contagion.text	Cuando una carta anota, / gana tantas {C:attention}mejoras{} como / las de la {C:attention}primera{} carta que anota
A	.descriptions.Joker.j_kino_contagion.unlock	Ten una misma carta / con {C:chips}+100{} o más / {C:attention}fichas extra
S	.descriptions.Joker.j_kino_creature_from_the_black_lagoon.name	La mujer y el monstruo
A	.descriptions.Joker.j_kino_creature_from_the_black_lagoon.text	Si la mano jugada contiene / solo una {C:attention}reina{}, / la destruye y mejora todas las cartas / de la baraja con {C:mult}+#1#{} multi
S	.descriptions.Joker.j_kino_cronos.name	Cronos
A	.descriptions.Joker.j_kino_cronos.text	Si la mano contiene / una sola carta, / {C:Drain}drena{} la mitad de su categoría / y gana {C:attention}#2#{} veces esa cantidad en fichas / {C:inactive}(Actual: {C:chips}+#1#{C:inactive} fichas)
A	.descriptions.Joker.j_kino_cronos.unlock	{C:Drain}Drena{} {C:attention}#2#{} veces / {C:inactive}(#1#)
S	.descriptions.Joker.j_kino_cruella.name	Cruella
A	.descriptions.Joker.j_kino_cruella.text	Da una {C:attention}edición{} a una / carta de la baraja / cada vez que se {C:attention}destruyen / {C:attention}#2#{} cartas / {C:inactive}Quedan #3#
S	.descriptions.Joker.j_kino_da_5_bloods.name	Da 5 Bloods: Hermanos de armas
A	.descriptions.Joker.j_kino_da_5_bloods.text	La primera vez que se {C:attention}destruye{} una carta / de una categoría concreta, / pon un {C:money}sello de oro{} en una / carta de la misma categoría
S	.descriptions.Joker.j_kino_dark_crystal.name	Cristal oscuro
A	.descriptions.Joker.j_kino_dark_crystal.text.[1]	Consume una {C:attention}carga{} para / {C:Magic}lanzar un hechizo {C:attention}aleatorio / {C:inactive}(Actual: {C:attention}#1#{C:inactive} cargas)
A	.descriptions.Joker.j_kino_dark_crystal.text.[2]	Si la mano jugada / no derrota a la {C:attention}ciega{}, / gana {C:attention}#2#{} carga(s)
S	.descriptions.Joker.j_kino_dark_knight.name	El caballero oscuro
A	.descriptions.Joker.j_kino_dark_knight.text	{C:attention}Destruye{} todos los {C:attention}comodines que no son de Batman{} / y gana multi {X:mult,C:white}X#2#{} por cada uno / al seleccionar la {C:attention}ciega / {C:inactive}(Actual: multi {X:mult,C:white}X#1#{C:inactive})
S	.descriptions.Joker.j_kino_dark_knight_returns.name	El caballero oscuro: La leyenda renace
A	.descriptions.Joker.j_kino_dark_knight_returns.text	Mejora una mano aleatoria / con {C:mult}+#2#{} multi / por cada espacio de {C:attention}comodín{} vacío / al seleccionar la {C:attention}ciega / {C:inactive}(Los comodines de Batman cuentan como espacios vacíos) / {C:inactive}(Actual: #1# espacios vacíos)
S	.descriptions.Joker.j_kino_dead_zone.name	La zona muerta
A	.descriptions.Joker.j_kino_dead_zone.text	La primera vez en cada ronda / que se juega {C:attention}#2#{}, / pon #1# {C:Power}contadores de poder / en otro {C:attention}comodín{} aleatorio; / la mano de póker cambia cada ronda
A	.descriptions.Joker.j_kino_dead_zone.unlock	Gana una partida con / el {C:attention}Sr. Huesos
S	.descriptions.Joker.j_kino_deadpool.name	Deadpool
A	.descriptions.Joker.j_kino_deadpool.text	Te daré {C:chips}fichas / siempre que me prestes {C:attention,E:1}atención
S	.descriptions.Joker.j_kino_death_race.name	La carrera de la muerte
A	.descriptions.Joker.j_kino_death_race.text	Crea un tarot {C:tarot}La muerte{} / al derrotar una ciega {C:chips}rápido / (Tiempo restante: #1# segundos)
S	.descriptions.Joker.j_kino_demolition_man.name	Demolition Man
A	.descriptions.Joker.j_kino_demolition_man.text	Si el {C:attention}primer{} descarte de la ronda / tiene solo {C:attention}una{} carta, la destruye / y mejora todas las / cartas de la mano con {C:mult}+#1#{} multi
S	.descriptions.Joker.j_kino_demon_knight.name	Historias de la cripta: El caballero del diablo
A	.descriptions.Joker.j_kino_demon_knight.text	Cuando se {C:attention}destruye{} una / {C:attention}carta demoníaca{}, / mejora todas las cartas de la baraja / que compartan su palo con / {C:mult}+#1#{} multi
A	.descriptions.Joker.j_kino_demon_knight.unlock	Gana una partida con al menos / {C:attention}1{} carta demoníaca / y {C:attention}0{} sacrificios realizados
S	.descriptions.Joker.j_kino_dick_tracy.name	Dick Tracy
A	.descriptions.Joker.j_kino_dick_tracy.text	Gana tanto {C:mult}multi{} como / {C:attention}x#2#{} el {C:money}dinero robado{} actual / al destruirse una {C:attention}carta de crimen{} / {C:inactive}(Actual: {C:mult}#1#{} multi y / {C:inactive}{C:money}$#3#{C:inactive} robados)
A	.descriptions.Joker.j_kino_dick_tracy.unlock	Encuentra al sospechoso de una {C:attention}carta de misterio{}
S	.descriptions.Joker.j_kino_dickie_roberts.name	Dickie Roberts: ex niño prodigio
A	.descriptions.Joker.j_kino_dickie_roberts.text	{C:mult}+#1#{} multi / Se {C:attention}duplica{} por cada {C:attention}#2#{} {C:spades}picas / en tu baraja completa / {C:inactive}(Actual: {C:spades}#3#{C:inactive} picas en la baraja)
S	.descriptions.Joker.j_kino_die_hard_1.name	La jungla de cristal
A	.descriptions.Joker.j_kino_die_hard_1.text	{C:money}$#1#{} por cada / {C:attention}carta de acción{} que anota
A	.descriptions.Joker.j_kino_die_hard_1.unlock	Derrota a {C:attention}Hans Gruber{}
S	.descriptions.Joker.j_kino_dinner_with_andre.name	Mi cena con André
A	.descriptions.Joker.j_kino_dinner_with_andre.text	Gana multi {X:mult,C:white}X#2#{} al / usar una {C:Confection}golosina{} / {C:inactive}(Actual: {X:mult,C:white}X#1#{C:inactive})
A	.descriptions.Joker.j_kino_dinner_with_andre.unlock	Usa diez {C:Confection}golosinas{} distintas / en una partida
S	.descriptions.Joker.j_kino_dirty_harry.name	Harry el Sucio
A	.descriptions.Joker.j_kino_dirty_harry.text	{C:Bullet}Cargado:{} consume todas / las {C:Bullet}balas{} y da / {C:mult}+#1#{} por cada una consumida
A	.descriptions.Joker.j_kino_dirty_harry.unlock	Gana una partida habiendo / cargado exactamente {C:attention}1{C:Bullet} bala
S	.descriptions.Joker.j_kino_doctor_strange_1.name	Doctor Strange
A	.descriptions.Joker.j_kino_doctor_strange_1.text	Cada {C:attention}tercer{} {C:Magic}hechizo / {C:Magic}lanzado{} se convierte en / {C:green,E:1}El Ojo de Agamotto / {C:inactive}(Actual: {C:attention}#1# {C:Magic}hechizos lanzados{C:inactive})
A	.descriptions.Joker.j_kino_doctor_strange_1.unlock	{C:Magic}Lanza {C:attention}#2#{C:Magic} hechizos{} / con el nivel de hechizo máximo / {C:inactive}(#1#)
S	.descriptions.Joker.j_kino_doctor_strange_2.name	Doctor Strange en el multiverso de la locura
A	.descriptions.Joker.j_kino_doctor_strange_2.text	{C:white,X:attention}Activo:{} vuelve a robar la mano / al jugar una mano
S	.descriptions.Joker.j_kino_doctor_who.name	Doctor Who: La película
A	.descriptions.Joker.j_kino_doctor_who.text.[1]	{C:white,X:attention}Activo:{} {C:Alien}abduce{} / una {C:attention}carta{} aleatoria / de la mano
A	.descriptions.Joker.j_kino_doctor_who.text.[2]	{C:white,X:Alien}Liberar:{} vuelve con / una {C:attention}mejora{} aleatoria / y una {C:attention}edición
A	.descriptions.Joker.j_kino_doctor_who.unlock	Usa {C:attention}#2#{C:StrangePlanet} planetas extraños / {C:inactive}(#1#)
S	.descriptions.Joker.j_kino_donnie_darko.name	Donnie Darko
A	.descriptions.Joker.j_kino_donnie_darko.text	Si la {C:attention}primera{} mano de la ronda / contiene exactamente {C:attention}2{} cartas, / pon {C:attention}#1#{} contadores de aturdimiento / en cada carta que anota / y {C:attention}#2#{} contadores de reactivación / en el {C:attention}comodín{} de la izquierda
A	.descriptions.Joker.j_kino_donnie_darko.unlock	Aplica {C:attention}10{} contadores de reactivación
S	.descriptions.Joker.j_kino_double.name	El doble
A	.descriptions.Joker.j_kino_double.text	{C:mult}+#2#{} multi / {C:mult}-#3#{} multi cuando / la mano que anota no / contiene {C:attention}doble pareja
S	.descriptions.Joker.j_kino_double_dragon.name	Double Dragon
A	.descriptions.Joker.j_kino_double_dragon.text	{C:chips}+#1#{} fichas / por cada {C:attention}pareja / que tengas en la mano
S	.descriptions.Joker.j_kino_dr_strangelove.name	¿Teléfono rojo? Volamos hacia Moscú
A	.descriptions.Joker.j_kino_dr_strangelove.text	{C:inactive}o cómo aprendí a dejar de preocuparme y amar la bomba{} / Si la mano jugada es {C:attention}#1#{}, / hace explotar la mano y la puntuación (por {X:mult,C:white}X#2#{}); / la mano de póker cambia cada ronda
S	.descriptions.Joker.j_kino_dracula_1931.name	Drácula (1931)
A	.descriptions.Joker.j_kino_dracula_1931.text	Gana multi {C:white,X:mult}X#2#{} / cuando una carta es {C:Drain}drenada / {C:inactive}(Actual: multi {X:mult,C:white} X#1# {C:inactive})
A	.descriptions.Joker.j_kino_dracula_1931.unlock	Derrota a {C:attention}Drácula{}
S	.descriptions.Joker.j_kino_dracula_1931_2.name	Drácula (1931)
A	.descriptions.Joker.j_kino_dracula_1931_2.text	{C:Drain}Drena{} las {C:attention}mejoras{} de las cartas que anotan / y gana multi {C:white,X:mult}X#3#{} / {C:Drain}Drena y debilita{} las cartas {C:attention}sin mejora{} que anotan / y gana multi {C:white,X:mult}X#2#{} / {C:inactive}(Actual: multi {X:mult,C:white} X#1# {C:inactive})
A	.descriptions.Joker.j_kino_dracula_1931_2.unlock	Derrota a {C:attention}Drácula{}
S	.descriptions.Joker.j_kino_dracula_bram_stoker.name	Drácula de Bram Stoker
A	.descriptions.Joker.j_kino_dracula_bram_stoker.text	Cuando una {C:attention}reina{} anota, / pon {C:attention}#1#{} {C:Drain}contadores de sangre / en cartas aleatorias de la baraja
A	.descriptions.Joker.j_kino_dracula_bram_stoker.unlock	Derrota a {C:attention}Drácula{}
S	.descriptions.Joker.j_kino_duel.name	El diablo sobre ruedas
A	.descriptions.Joker.j_kino_duel.text.[1]	{C:chips}+#1#{} fichas
A	.descriptions.Joker.j_kino_duel.text.[2]	{C:green}#2# en #3#{} probabilidades / de {C:red}autodestruirse{}, / que se duplican si la mano jugada / no contiene una {C:attention}escalera
S	.descriptions.Joker.j_kino_dune_1984.name	Dune (1984)
A	.descriptions.Joker.j_kino_dune_1984.text	Al usar un {C:planet}planeta{}, / mejora tu mano de {C:attention}menor / nivel
A	.descriptions.Joker.j_kino_dune_1984.unlock	Derrota a una ciega {C:attention}jefe{} / habiendo jugado tu {C:attention}mano menos jugada
S	.descriptions.Joker.j_kino_dungeons_and_dragons_1.name	Dragones y mazmorras
A	.descriptions.Joker.j_kino_dungeons_and_dragons_1.text.[1]	{C:white,X:attention}Activo:{} {C:mult}+#3#{} multi / por cada {C:attention}carga{} consumida / {C:inactive}(Actual: {C:attention}#1#{C:inactive} acumulaciones)
A	.descriptions.Joker.j_kino_dungeons_and_dragons_1.text.[2]	Al {C:Magic}lanzar un hechizo{}, / gana #2# {C:attention}carga / por rango de hechizo
S	.descriptions.Joker.j_kino_dungeons_and_dragons_4.name	Dungeons & Dragons: Honor entre ladrones
A	.descriptions.Joker.j_kino_dungeons_and_dragons_4.text	Al {C:Magic}lanzar un hechizo{}, / gana {C:money}$#1#{} por nivel de {C:Magic}hechizo{}
S	.descriptions.Joker.j_kino_easy_a.name	Rumores y mentiras
A	.descriptions.Joker.j_kino_easy_a.text	Cada {C:attention}as / que tengas en la mano / da {C:chips}+#1#{} fichas
S	.descriptions.Joker.j_kino_ed_wood.name	Ed Wood
A	.descriptions.Joker.j_kino_ed_wood.text	{C:money}$#2#{} si la mano / anota menos del {C:attention}#1# %{} del requisito / de la ciega
A	.descriptions.Joker.j_kino_ed_wood.unlock	Gana una partida con {C:money}$0{} restantes
S	.descriptions.Joker.j_kino_edward_scissorhands.name	Eduardo Manostijeras
A	.descriptions.Joker.j_kino_edward_scissorhands.text	Si la {C:attention}primera{} mano de la ronda / tiene solo {C:attention}1{} carta, / {C:attention}la corta en dos / y roba ambas a la mano
S	.descriptions.Joker.j_kino_elephant_man.name	El hombre elefante
A	.descriptions.Joker.j_kino_elephant_man.text.[1]	{C:chips}+#1#{} fichas por cada / {C:chips}mano{} jugada esta ronda
A	.descriptions.Joker.j_kino_elephant_man.text.[2]	{C:mult}+#2#{} multi por cada / {C:mult}descarte{} usado esta ronda
S	.descriptions.Joker.j_kino_elf.name	Elf
A	.descriptions.Joker.j_kino_elf.text	Reactiva cada / {C:attention}2{} y {C:attention}3{} que anota / {C:attention}#1# vez/veces{} adicional(es)
S	.descriptions.Joker.j_kino_encanto.name	Encanto
A	.descriptions.Joker.j_kino_encanto.text	{C:Magic}Lanza un {C:attention}hechizo{C:Magic} aleatorio{} / si la mano jugada es un {C:attention}full
A	.descriptions.Joker.j_kino_encanto.unlock	{C:Magic}Lanza un hechizo{} mientras / juegas un {C:attention}full
S	.descriptions.Joker.j_kino_et.name	E.T., el extraterrestre
A	.descriptions.Joker.j_kino_et.text	Crea {C:attention}#1#{} {C:planet}planetas{} {X:dark_edition,C:white}negativos{} / al derrotar a la {C:attention}ciega jefe
A	.descriptions.Joker.j_kino_et.unlock	Gana una partida con / al menos un {C:attention}comodín de Spielberg
S	.descriptions.Joker.j_kino_eternal_sunshine_of_the_spotless_mind.name	¡Olvídate de mí!
A	.descriptions.Joker.j_kino_eternal_sunshine_of_the_spotless_mind.text.[1]	Cuando se destruye una carta, / pon {C:Heartache}#1# contadores de desamor / en cada carta de la baraja / que comparta {C:attention}categoría
A	.descriptions.Joker.j_kino_eternal_sunshine_of_the_spotless_mind.text.[2]	Gana multi {X:mult,C:white}X#2#{} cuando / se quita un {C:Heartache}contador / de desamor / {C:inactive}(Actual: multi {X:mult,C:white}X#3#{C:inactive})
A	.descriptions.Joker.j_kino_eternal_sunshine_of_the_spotless_mind.unlock	Ten {C:attention}#2#{} contadores / en tu baraja / {C:inactive}(#1#/#2#)
S	.descriptions.Joker.j_kino_evil_dead_1.name	Posesión infernal (Evil Dead) (2013)
A	.descriptions.Joker.j_kino_evil_dead_1.text	{C:green}#1# en #2#{} probabilidades de / crear una copia {C:attention}carta demoníaca{} / de cada carta / {C:attention}sacrificada
S	.descriptions.Joker.j_kino_ex_machina.name	Ex Machina
A	.descriptions.Joker.j_kino_ex_machina.text	Si la mano jugada contiene solo / una {C:attention}carta de ciencia ficción{}, / la mejora una vez / por cada {C:chips}mano{} restante
A	.descriptions.Joker.j_kino_ex_machina.unlock	Gana una partida con / una sola {C:attention}carta de ciencia ficción{} / en tu baraja y que haya sido / mejorada {C:attention}5{} veces o más
S	.descriptions.Joker.j_kino_exorcist_1.name	El exorcista
A	.descriptions.Joker.j_kino_exorcist_1.text.[1]	Las {C:attention}cartas demoníacas{} jugadas se {C:attention}purifican / tras anotar
A	.descriptions.Joker.j_kino_exorcist_1.text.[2]	Gana multi {X:mult,C:white}X#2#{} por / cada carta {C:attention}purificada / {C:inactive}(Actual: multi {X:mult,C:white}X#1#{C:inactive})
A	.descriptions.Joker.j_kino_exorcist_1.unlock	Sacrifica {C:attention}#2#{} cartas / {C:inactive}(#1#)
S	.descriptions.Joker.j_kino_fantasia.name	Fantasía
A	.descriptions.Joker.j_kino_fantasia.text	Los {C:Magic}hechizos{} se lanzan / un {C:Magic}rango de hechizo{} más alto
A	.descriptions.Joker.j_kino_fantasia.unlock	{C:Magic}Lanza{C:attention} 10{C:Magic} hechizos / de nivel 1 / {C:inactive}(#1#)
S	.descriptions.Joker.j_kino_fargo.name	Fargo
A	.descriptions.Joker.j_kino_fargo.text	Si el {C:attention}primer{} descarte de la ronda / tiene solo {C:attention}1{} carta, la destruye / y aumenta en {C:money}$#1#{} el {C:money}valor de venta / de cada {C:attention}comodín
A	.descriptions.Joker.j_kino_fargo.unlock	Gana una partida con un comodín / de {C:Crime}crimen{} y uno de {C:Christmas}Navidad{}
S	.descriptions.Joker.j_kino_fast_and_furious_5.name	Fast & Furious 5
A	.descriptions.Joker.j_kino_fast_and_furious_5.text	Añade {C:money}$#1#{} a tu / {C:money}dinero robado{} si eres / {C:chips}rápido / {C:inactive}Añadirá {C:money}$#2#{C:inactive} al dinero robado / {C:inactive}(Actual: {C:money}$#3#{C:inactive} robados)
A	.descriptions.Joker.j_kino_fast_and_furious_5.unlock	Derrota a {C:attention}Deckard Shaw{}
S	.descriptions.Joker.j_kino_fight_club.name	El club de la lucha
A	.descriptions.Joker.j_kino_fight_club.text	Multi {X:mult,C:white} X#1#{} / {C:attention}Destruye{} una carta / aleatoria que anota
S	.descriptions.Joker.j_kino_final_destination.name	Destino final
A	.descriptions.Joker.j_kino_final_destination.text	Gana {X:mult,C:white}X#2#{} cuando / se destruye una {C:attention}carta de juego / {C:inactive}(Actual: multi {X:mult,C:white}X#1#{C:inactive})
S	.descriptions.Joker.j_kino_fish_called_wanda.name	Un pez llamado Wanda
A	.descriptions.Joker.j_kino_fish_called_wanda.text	{C:mult}+#1#{} multi por cada / {C:money}$1{} robado / {C:inactive}(Actual: {C:mult}#3#{C:inactive} multi)
A	.descriptions.Joker.j_kino_fish_called_wanda.unlock	Juega una {C:attention}carta de crimen / que no anote
S	.descriptions.Joker.j_kino_forrest_gump.name	Forrest Gump
A	.descriptions.Joker.j_kino_forrest_gump.text.[1]	Antes de puntuar, suma las {C:chips}fichas{} / y el {C:mult}multi{} base de la {C:attention}escalera
A	.descriptions.Joker.j_kino_forrest_gump.text.[2]	Las manos jugadas {C:attention,E:1}SIEMPRE{} cuentan / como si contuvieran una {C:attention}escalera
S	.descriptions.Joker.j_kino_founder.name	El fundador
A	.descriptions.Joker.j_kino_founder.text	Llena los espacios / de consumibles vacíos / con {C:Confection}patatas fritas{} / al salir de la {C:attention}tienda
A	.descriptions.Joker.j_kino_founder.unlock	Usa {C:Confection}patatas fritas{C:attention} 10{} veces / {C:inactive}(#1#)
S	.descriptions.Joker.j_kino_frankenstein.name	Frankenstein
A	.descriptions.Joker.j_kino_frankenstein.text	Cuando se destruye la {C:attention}primera{} carta / de juego de cada ronda, / añade a la baraja una copia permanente / con una mejora permanente aleatoria
S	.descriptions.Joker.j_kino_freaky_friday_3.name	Viernes embrujado
A	.descriptions.Joker.j_kino_freaky_friday_3.text.[1]	{C:white,X:attention}Activo:{} si este {C:attention}comodín / no tiene {C:attention}edición{} y / anota una carta de juego {C:attention}con edición{}, / le quita la edición y se la aplica / a este {C:attention}comodín
A	.descriptions.Joker.j_kino_freaky_friday_3.text.[2]	{C:white,X:attention}Activo:{} si este {C:attention}comodín / tiene una {C:attention}edición{}, / se la quita y se la aplica / a la carta de juego {C:attention}que anota
S	.descriptions.Joker.j_kino_friday_the_13th.name	Viernes 13
A	.descriptions.Joker.j_kino_friday_the_13th.text	Si la mano jugada / no contiene cartas de {C:attention}figura{}, / una carta {C:attention}sin mejora{} aleatoria / se convierte en {C:attention}carta de terror
S	.descriptions.Joker.j_kino_fright_night.name	Noche de miedo
A	.descriptions.Joker.j_kino_fright_night.text	{C:Drain}Drena{} el {C:attention}sello{} de las cartas que anotan / y gana multi {X:mult,C:white}x#1#{} / por cada {C:attention}sello{} drenado / {C:inactive}(Actual: multi {X:mult,C:white}x#2#{C:inactive})
A	.descriptions.Joker.j_kino_fright_night.unlock	{C:Drain}Drena{} {C:attention}#2#{} contadores de sangre / {C:inactive}(#1#)
S	.descriptions.Joker.j_kino_gentlemen_prefer_blondes.name	Los caballeros las prefieren rubias
A	.descriptions.Joker.j_kino_gentlemen_prefer_blondes.text	{C:mult}+#1#{} multi / Se {C:attention}duplica{} por cada {C:attention}#2#{} {C:diamonds}diamantes / en tu baraja completa / {C:inactive}(Actual: {C:diamonds}#3#{C:inactive} diamantes en la baraja)
S	.descriptions.Joker.j_kino_get_out.name	Déjame salir
A	.descriptions.Joker.j_kino_get_out.text	Si la mano jugada tiene solo {C:attention}1{} carta, / convierte {C:attention}#1# cartas aleatorias{} de la mano / en copias exactas de ella / y se {C:mult}autodestruye
S	.descriptions.Joker.j_kino_ghost_rider_1.name	El motorista fantasma
A	.descriptions.Joker.j_kino_ghost_rider_1.text	Destruye una {C:attention}carta demoníaca{} aleatoria / de la mano para ganar multi {X:mult,C:white}X#2#{} / {C:inactive}(Actual: multi {X:mult,C:white}X#1#{C:inactive})
A	.descriptions.Joker.j_kino_ghost_rider_1.unlock	Ten {C:attention}cinco{} cartas demoníacas / en tu baraja
S	.descriptions.Joker.j_kino_ghostbusters_1.name	Los cazafantasmas
A	.descriptions.Joker.j_kino_ghostbusters_1.text	Las cartas {C:attention}debilitadas{} se / {C:attention}destruyen{} al anotar / Da {C:chips}+#2#{} fichas por cada / carta destruida así / {C:inactive}(Actual: {C:chips}+#1#{C:inactive} fichas)
A	.descriptions.Joker.j_kino_ghostbusters_1.unlock	Destruye una carta debilitada
S	.descriptions.Joker.j_kino_ghoulies.name	Ghoulies
A	.descriptions.Joker.j_kino_ghoulies.text	Cuando realizas el ritual oscuro de / jugar {C:attention}#1#{}, invocas un / {C:attention}2 demoníaco{} aleatorio a tu mano / {C:inactive}(El ritual cambia al realizarse.){}
A	.descriptions.Joker.j_kino_ghoulies.unlock	Convierte un {C:attention}2{} en / una {C:attention}carta demoníaca{}
S	.descriptions.Joker.j_kino_glass.name	Glass
A	.descriptions.Joker.j_kino_glass.text.[1]	{C:mult}+#1#{} multi por cada {C:attention}carta de vidrio / de tu baraja completa / {C:inactive}(Actual: {C:mult}+#3#{C:inactive} multi)
A	.descriptions.Joker.j_kino_glass.text.[2]	Aumenta en {C:mult}+#2#{} multi cada vez / que se rompe una {C:attention}carta de vidrio
A	.descriptions.Joker.j_kino_glass.unlock	Haz que se rompan {C:attention}20{} cartas / de vidrio en una misma partida
S	.descriptions.Joker.j_kino_godfather.name	El padrino
A	.descriptions.Joker.j_kino_godfather.text	Cada vez que ganas {C:money}dinero{} / durante una {C:attention}ciega{}, / gana {C:attention}x#1#{} esa cantidad en {C:chips}fichas / {C:inactive}(Actual: {C:chips}#2#{C:inactive} fichas)
S	.descriptions.Joker.j_kino_godzilla.name	Godzilla (1954)
A	.descriptions.Joker.j_kino_godzilla.text.[1]	{C:mult}+#1#{} multi / Se duplica al derrotar / a la {C:attention}ciega jefe
A	.descriptions.Joker.j_kino_godzilla.text.[2]	Las {C:attention}ciegas{} tienen {C:green}1 en 4{} probabilidades / de ser {C:attention}ciegas jefe
S	.descriptions.Joker.j_kino_gone_girl.name	Perdida
A	.descriptions.Joker.j_kino_gone_girl.text	Las {C:attention}reinas{} que anotan dan multi {X:mult,C:white}X#1#{} / Las {C:attention}J{} y los {C:attention}reyes{} que anotan / se {C:attention}debilitan{} y aumentan / el multi en {X:mult,C:white}X#2#{}
S	.descriptions.Joker.j_kino_good_burger.name	Good Burger
A	.descriptions.Joker.j_kino_good_burger.text	Gana {C:chips}+#2#{} fichas / al robar una carta {C:attention}mejorada / {C:inactive}(Actual: {C:chips}+#1#{C:inactive} fichas)
S	.descriptions.Joker.j_kino_goodfellas.name	Uno de los nuestros
A	.descriptions.Joker.j_kino_goodfellas.text	Da multi {X:mult,C:white}X#1#{} y / pierde {C:money}$#2#{} por cada / {C:attention}comodín{} a la izquierda / de este {C:attention}comodín / {C:inactive}(Actual: multi {X:mult,C:white}X#3#{C:inactive} y {C:money}$#4#{C:inactive})
S	.descriptions.Joker.j_kino_gravity.name	Gravity
A	.descriptions.Joker.j_kino_gravity.text	Mejora una mano aleatoria {C:attention}#1# veces{} / si tienes un {C:planet}planeta / al seleccionar la {C:attention}ciega
S	.descriptions.Joker.j_kino_gremlins_1.name	Gremlins
A	.descriptions.Joker.j_kino_gremlins_1.text	{C:inactive,E:1}¡No los mojes!{} / Las cartas que no anotan dan {C:chips}+#1#{} fichas / por cada {C:attention}carta de monstruo{} / que tengas en la mano
A	.descriptions.Joker.j_kino_gremlins_1.unlock	Gana una partida con / al menos {C:attention}2{} comodines mojados
S	.descriptions.Joker.j_kino_grown_ups_1.name	Niños grandes
A	.descriptions.Joker.j_kino_grown_ups_1.text	Cada carta que anota / da tantas {C:chips}fichas{} / como las {C:chips}fichas{} de / la carta que {C:attention}más / anota
S	.descriptions.Joker.j_kino_guardians_of_the_galaxy_1.name	Guardianes de la galaxia
A	.descriptions.Joker.j_kino_guardians_of_the_galaxy_1.text	Gana {C:mult}+#1#{} multi / por {C:planet}planeta{} por / cada {C:planet}planeta{} que tengas / {C:inactive}(Actual: {C:mult}+#2#{C:inactive} multi)
S	.descriptions.Joker.j_kino_guardians_of_the_galaxy_2.name	Guardianes de la galaxia Vol. 2
A	.descriptions.Joker.j_kino_guardians_of_the_galaxy_2.text	Transforma cada {C:planet}planeta / que tengas en {C:attention}Ego / al final de la {C:attention}tienda
A	.descriptions.Joker.j_kino_guardians_of_the_galaxy_2.unlock	Usa {C:StrangePlanet}Ego, el planeta viviente{} / {C:attention}#2#{} veces / {C:inactive}(#1#)
S	.descriptions.Joker.j_kino_guardians_of_the_galaxy_3.name	Guardianes de la galaxia Vol. 3
A	.descriptions.Joker.j_kino_guardians_of_the_galaxy_3.text	Vuelve {C:dark_edition,E:1}negativo{} cada {C:planet}planeta / que tengas al final de la {C:attention}tienda
A	.descriptions.Joker.j_kino_guardians_of_the_galaxy_3.unlock	Usa {C:StrangePlanet}Ego, el planeta viviente{} / {C:attention}20{} veces en una misma partida
S	.descriptions.Joker.j_kino_gullivers_travels.name	Los viajes de Gulliver
A	.descriptions.Joker.j_kino_gullivers_travels.text.[1]	Gana {C:attention}+#1#{} carga(s) cuando / anota una carta {C:attention}de 5 o menos / {C:inactive}(Actual: #2# cargas)
A	.descriptions.Joker.j_kino_gullivers_travels.text.[2]	Da tanto {C:mult}multi{} como cargas / y luego reduce a la mitad tus cargas cuando / anota una carta de {C:attention}figura
A	.descriptions.Joker.j_kino_gullivers_travels.unlock	Juega un {C:attention}full / con {C:attention}2{} y cartas de {C:attention}figura
S	.descriptions.Joker.j_kino_halloween.name	La noche de Halloween (1978)
A	.descriptions.Joker.j_kino_halloween.text	{C:chips}+#1#{} fichas por cada / vez que ha despertado / una {C:attention}carta de terror{} / {C:inactive}(Actual: {C:chips}+#2#{C:inactive} fichas)
S	.descriptions.Joker.j_kino_hard_eight.name	Sydney (Hard Eight)
A	.descriptions.Joker.j_kino_hard_eight.text	{C:money}$#1#{} por cada / {C:attention}8{} que tengas en la mano / Los {C:attention}8{} que tengas / en la mano tienen / {C:green}#2# en #3#{} probabilidades / de destruirse
S	.descriptions.Joker.j_kino_hardcore_henry.name	Hardcore Henry
A	.descriptions.Joker.j_kino_hardcore_henry.text	{C:Bullet}Cargado:{} consume {C:attention}#1#{C:Bullet} balas / para copiar la {C:attention}primera{} carta que anota
A	.descriptions.Joker.j_kino_hardcore_henry.unlock	Abre {C:attention}#2#{} paquetes de acción / {C:inactive}(#1#)
S	.descriptions.Joker.j_kino_heart_eyes.name	Heart Eyes
A	.descriptions.Joker.j_kino_heart_eyes.text	{C:green}#1# en #2#{} probabilidades de que / las cartas de {C:hearts}corazones{} de la mano / den un {C:Jumpscare}susto
A	.descriptions.Joker.j_kino_heart_eyes.unlock	Da un {C:Jumpscare}susto{} a una carta de juego
S	.descriptions.Joker.j_kino_hellboy_1.name	Hellboy
A	.descriptions.Joker.j_kino_hellboy_1.text.[1]	Las {C:attention}cartas demoníacas{} no / provocan {C:attention}sacrificios
A	.descriptions.Joker.j_kino_hellboy_1.text.[2]	Gana {C:chips}+#2#{} fichas cuando / anota una {C:attention}carta demoníaca / {C:inactive}(Actual: {C:chips}+#1#{C:inactive} fichas)
A	.descriptions.Joker.j_kino_hellboy_1.unlock	Sacrifica {C:attention}#2#{} cartas / {C:inactive}(#1#)
S	.descriptions.Joker.j_kino_hellraiser_1.name	Hellraiser
A	.descriptions.Joker.j_kino_hellraiser_1.text	Cada vez que resuelves / el {C:attention}Códice{}, / destruye o bien {C:attention}TODAS{} las cartas que anotan / o bien las de la mano, / y da {C:attention}mejoras{}, {C:attention}sellos{} / y {C:attention}ediciones{} a todas / las demás
S	.descriptions.Joker.j_kino_her.name	Her
A	.descriptions.Joker.j_kino_her.text.[1]	Cada vez que mejora una {C:attention}carta de ciencia ficción{}, / pon {C:attention}#1# {C:Heartache}contador de desamor / en cada {C:attention}carta de ciencia ficción{} / de tu baraja
A	.descriptions.Joker.j_kino_her.text.[2]	Gana {C:chips}+#2#{} fichas cuando / se quita un {C:Heartache}contador / de desamor / {C:inactive}(Actual: {C:chips}+#3#{C:inactive} fichas)
A	.descriptions.Joker.j_kino_her.unlock	Pon un {C:Heartache}contador de desamor{} / en una {C:attention}carta de ciencia ficción
S	.descriptions.Joker.j_kino_hitman.name	Hit Man: Asesino por casualidad
A	.descriptions.Joker.j_kino_hitman.text	Al seleccionar la {C:attention}ciega{}, destruye / el {C:attention}comodín{} de la derecha / y gana tanto dinero / como {C:money}x#1#{} su {C:attention}valor de venta
S	.descriptions.Joker.j_kino_home_alone_1.name	Solo en casa
A	.descriptions.Joker.j_kino_home_alone_1.text	Gana tantas {C:chips}fichas{} como la categoría / de las cartas que anotan si la mano {attention}jugada{} / es una {C:attention}carta alta / {C:inactive}(Actual: {C:chips}+#1#{C:inactive} fichas)
S	.descriptions.Joker.j_kino_hook.name	Hook (El capitán Garfio)
A	.descriptions.Joker.j_kino_hook.text	Gana {C:chips}+#2#{} fichas / si se descartan {C:attention}2{} o más / cartas de {C:attention}figura / {C:inactive}(Actual: {C:chips}+#1#{C:inactive} fichas)
A	.descriptions.Joker.j_kino_hook.unlock	Derrota a {C:attention}El gancho
S	.descriptions.Joker.j_kino_hot_fuzz.name	Arma fatal
A	.descriptions.Joker.j_kino_hot_fuzz.text	Crea {C:Bullet}#1# bala(s){} / si la mano jugada es una {C:attention}pareja{}
S	.descriptions.Joker.j_kino_house_of_gucci.name	La casa Gucci
A	.descriptions.Joker.j_kino_house_of_gucci.text	Las cartas {C:attention}mejoradas{} que anotan dan {C:chips}+#1#{} fichas / Las cartas con {C:attention}sello{} que anotan dan {C:mult}+#2#{} multi / Las cartas {C:attention}con edición{} que anotan dan multi {X:mult,C:white}x#3#{}
S	.descriptions.Joker.j_kino_human_centipede.name	El ciempiés humano (Primera secuencia)
A	.descriptions.Joker.j_kino_human_centipede.text	Cada carta que anota da multi {X:dark_edition,C:white}^#1#{}, / aumentado en {X:dark_edition,C:white}#2#{} multi por cada / carta que anota a su izquierda, / si la mano jugada / contiene una {C:attention}escalera{}
S	.descriptions.Joker.j_kino_hustle.name	Garra
A	.descriptions.Joker.j_kino_hustle.text	Reactiva la {C:attention}primera{} carta que anota / por cada {C:money}$#1#{} que tengas; / el umbral aumenta {C:money}$#2#{} / por reactivación / {C:inactive}(Actual: {C:attention}#3#{C:inactive} veces)
A	.descriptions.Joker.j_kino_hustle.unlock	Gana {C:money}$50{} en un solo / pago de ciega
S	.descriptions.Joker.j_kino_i_robot.name	Yo, robot
A	.descriptions.Joker.j_kino_i_robot.text	Gana multi {X:mult,C:white}X#2#{} / cuando mejora una {C:attention}carta de ciencia ficción / {C:inactive}(Actual: multi {X:mult,C:white}X#1#{C:inactive})
A	.descriptions.Joker.j_kino_i_robot.unlock	Mejora 10 veces una {C:attention}carta de ciencia ficción{}
S	.descriptions.Joker.j_kino_inception.name	Origen
A	.descriptions.Joker.j_kino_inception.text.[1]	Pon un {C:attention}contador de somnolencia / en el comodín de la derecha / al seleccionar la {C:attention}ciega
A	.descriptions.Joker.j_kino_inception.text.[2]	Copia las habilidades de los comodines / con {C:attention}contadores de somnolencia
A	.descriptions.Joker.j_kino_inception.unlock	Gana una partida con todos los comodines de {C:attention}Nolan / {C:inactive}(#2#/#1#)
S	.descriptions.Joker.j_kino_incredible_hulk.name	El increíble Hulk
A	.descriptions.Joker.j_kino_incredible_hulk.text	Las {C:attention}cartas de monstruo{} jugadas dan / {C:mult}+#1#{} multi al anotar
A	.descriptions.Joker.j_kino_incredible_hulk.unlock	Juega una {C:attention}carta de monstruo{}
S	.descriptions.Joker.j_kino_independence_day_1.name	Independence Day
A	.descriptions.Joker.j_kino_independence_day_1.text	Reduce el requisito de las {C:attention}ciegas jefe / un #1# % por cada / carta {C:Alien}abducida
S	.descriptions.Joker.j_kino_indiana_jones_1.name	En busca del arca perdida
A	.descriptions.Joker.j_kino_indiana_jones_1.text	Gana multi {X:mult,C:white}X#1#{} / cuando anota {C:attention}#3#{}; / la carta cambia cada ronda / {C:inactive}(Actual: multi {X:mult,C:white}X#2#{C:inactive})
S	.descriptions.Joker.j_kino_insidious.name	Insidious
A	.descriptions.Joker.j_kino_insidious.text	{C:green}#1# en #2#{} probabilidades de crear / {C:tarot}El demonio{} al / abrir un {C:attention}paquete potenciador / {C:inactive}(Debe haber espacio)
A	.descriptions.Joker.j_kino_insidious.unlock	Usa {C:attention}El demonio{} #2# veces / {C:inactive}(#1#)
S	.descriptions.Joker.j_kino_insomnia.name	Insomnio
A	.descriptions.Joker.j_kino_insomnia.text	El {C:attention}tamaño de mano{} se duplica, / pero {C:attention}no puedes{} robar / cartas adicionales
S	.descriptions.Joker.j_kino_interstellar.name	Interstellar
A	.descriptions.Joker.j_kino_interstellar.text.[1]	Al usar un {C:planet}planeta{}, / se guarda en este / {C:attention}comodín{} en su lugar
A	.descriptions.Joker.j_kino_interstellar.text.[2]	Vende esta carta para / subir de nivel tu mano {C:attention}más{} jugada / por cada {C:planet}planeta / {C:attention}guardado / {C:inactive}(Actual: {C:attention}#1#{C:inactive} acumulaciones)
A	.descriptions.Joker.j_kino_interstellar.unlock	Usa {C:attention}#2#{} {C:planet}planetas{} / en una misma partida
S	.descriptions.Joker.j_kino_iron_giant.name	El gigante de hierro
A	.descriptions.Joker.j_kino_iron_giant.text	Cada {C:attention}carta de ciencia ficción{} de la mano / da multi {X:mult,C:white}X1{}, / aumentado en {X:mult,C:white} X#1# {} / por su nivel de mejora
S	.descriptions.Joker.j_kino_iron_lady.name	La dama de hierro
A	.descriptions.Joker.j_kino_iron_lady.text	Multi {X:mult,C:white}X#1#{} si / la mano que anota contiene / una {C:attention}reina
S	.descriptions.Joker.j_kino_iron_man_1.name	Iron Man
A	.descriptions.Joker.j_kino_iron_man_1.text	Si la {C:attention}primera{} mano / contiene solo cartas / de un mismo {C:attention}palo{}, / mejora todas las {C:attention}cartas de ciencia ficción / de la mano
A	.descriptions.Joker.j_kino_james_bond_dr_no.text	Pon {C:mult}#1# contadores de multi / en cada {C:attention}7.ª{} carta robada / {C:inactive}(Quedan #2#)
S	.descriptions.Joker.j_kino_jaws.name	Tiburón
A	.descriptions.Joker.j_kino_jaws.text	Las cartas que no anotan dan / {C:chips}+#1#{} fichas y se / {C:attention}debilitan{}
S	.descriptions.Joker.j_kino_joe_dirt.name	Joe Dirt
A	.descriptions.Joker.j_kino_joe_dirt.text	Las {C:spades}picas{} jugadas dan {C:chips}+#1#{} fichas / por cada carta que {C:attention}no es de picas{} descartada esta ronda / al anotar / {C:inactive}(Actual: {C:chips}+#2#{C:inactive} fichas)
S	.descriptions.Joker.j_kino_john_wick_1.name	John Wick
A	.descriptions.Joker.j_kino_john_wick_1.text	Crea {C:Bullet}#1# balas{} / cuando se {C:attention}destruye / una carta de juego
A	.descriptions.Joker.j_kino_john_wick_1.unlock	Carga el número máximo / de {C:Bullet}balas{} / en una carta
S	.descriptions.Joker.j_kino_joker.name	Joker (2018)
A	.descriptions.Joker.j_kino_joker.text	{C:mult}+#1#{} multi por / cada comodín distinto {C:attention,E:1}VISTO / en esta partida / {C:inactive}(Actual: {C:mult}+#2#{C:inactive} multi)
A	.descriptions.Joker.j_kino_joker.unlock	Consigue al {C:attention}Joker
S	.descriptions.Joker.j_kino_junior.name	Junior
A	.descriptions.Joker.j_kino_junior.text	Cuando los {C:attention}reyes{} o las {C:attention}J{} / han anotado {C:attention}10{} veces, / crea un {C:attention}2 polícromo{} aleatorio / {C:inactive}(Actual: #1# activaciones)
S	.descriptions.Joker.j_kino_jurassic_park_1.name	Parque Jurásico
A	.descriptions.Joker.j_kino_jurassic_park_1.text	Las cartas dan {C:chips}X#1#{} fichas base
S	.descriptions.Joker.j_kino_karate_kid_1.name	Karate Kid
A	.descriptions.Joker.j_kino_karate_kid_1.text	Si la mano jugada / contiene un {C:attention}as{} / o un {C:attention}2{}, / sube de nivel una mano de póker {C:attention}aleatoria
S	.descriptions.Joker.j_kino_kiki_delivery.name	Nicky, la aprendiz de bruja
A	.descriptions.Joker.j_kino_kiki_delivery.text	Los primeros #1# {C:green}cambios / de cada ronda / te cuestan {C:money}-$#3#{} y / añaden un {C:attention}paquete potenciador / a la tienda / {C:inactive}(Actual: quedan #2# tiradas)
A	.descriptions.Joker.j_kino_kiki_delivery.unlock	{C:green}Cambia{} {C:attention}100{} veces / en una misma partida
S	.descriptions.Joker.j_kino_killer_klowns.name	Los payasos asesinos del espacio exterior
A	.descriptions.Joker.j_kino_killer_klowns.text	Destruye un {C:attention}comodín{} aleatorio / y crea {C:planet}planetas{} {C:dark_edition,E:1}negativos / por cada {C:money}$#1#{} de {C:attention}valor de venta
A	.descriptions.Joker.j_kino_killer_klowns.unlock	Gana una partida con / comodines de cada rareza
S	.descriptions.Joker.j_kino_kindergarten_cop.name	Poli de guardería
A	.descriptions.Joker.j_kino_kindergarten_cop.text	Multi {X:mult,C:white}X#1#{} si la mano que anota / contiene solo cartas {C:attention}de 5 o menos
S	.descriptions.Joker.j_kino_king_kong.name	King Kong (1933)
A	.descriptions.Joker.j_kino_king_kong.text.[1]	{C:mult}+#1#{} multi durante / las ciegas jefe
A	.descriptions.Joker.j_kino_king_kong.text.[2]	Las {C:attention}ciegas{} tienen {C:green}1 en 4{} probabilidades / de ser {C:attention}ciegas jefe
S	.descriptions.Joker.j_kino_kramervskramer.name	Kramer contra Kramer
A	.descriptions.Joker.j_kino_kramervskramer.text	Gana {C:mult}+#2#{} multi / al vender un comodín / de {C:Romance}romance{} / {C:inactive}(Actual: {C:mult}+#1#{C:inactive} multi)
A	.descriptions.Joker.j_kino_kramervskramer.unlock	Vende {C:attention}5{} comodines de {C:Romance}romance{} / en una misma partida
S	.descriptions.Joker.j_kino_kraven.name	Kraven el cazador
A	.descriptions.Joker.j_kino_kraven.text.[1]	{C:attention}Presa: #3#
A	.descriptions.Joker.j_kino_kraven.text.[2]	Gana multi {X:mult,C:white}X#2#{} cuando / se {C:attention}destruye{} la {C:attention}presa{} / actual de Kraven / {C:inactive}(Actual: multi {X:mult,C:white}X#1#{C:inactive})
S	.descriptions.Joker.j_kino_krazy_house.name	Krazy House
A	.descriptions.Joker.j_kino_krazy_house.text	{C:chips}+#1#{} fichas, {C:mult}+#2#{} multi o multi {X:mult,C:white}X#3#{} / si la mano anotada contiene un {C:attention}full / y aumenta el valor de otra / opción un {C:attention}#4# %{}
S	.descriptions.Joker.j_kino_kung_fu_panda_1.name	Kung Fu Panda
A	.descriptions.Joker.j_kino_kung_fu_panda_1.text	{C:chips}+#1#{} fichas si / la mano que anota / contiene {C:spades}picas{}
S	.descriptions.Joker.j_kino_la_la_land.name	La La Land
A	.descriptions.Joker.j_kino_la_la_land.text	Si la {C:attention}primera{} mano jugada / contiene solo / una {C:attention}única{} carta, / mejora todas las cartas / de la mano con tantas {C:chips}fichas / como la {C:attention}categoría / de la carta jugada
A	.descriptions.Joker.j_kino_la_la_land.unlock	Gana una partida con un / comodín {C:Musical}musical{}
S	.descriptions.Joker.j_kino_lady_and_the_tramp.name	La dama y el vagabundo
A	.descriptions.Joker.j_kino_lady_and_the_tramp.text	Da {C:attention}x#1#{} / la diferencia entre la carta / que {C:attention}más{} y la que {C:attention}menos{} / anota, en {C:chips}fichas
S	.descriptions.Joker.j_kino_lethal_weapon.name	Arma letal
A	.descriptions.Joker.j_kino_lethal_weapon.text	{C:mult}+#2#{} multi / {C:mult}-#3#{} multi cuando / la mano que anota no / contiene una {C:attention}pareja
S	.descriptions.Joker.j_kino_limitless.name	Sin límites
A	.descriptions.Joker.j_kino_limitless.text	Aumenta el {C:money}dinero robado{} un {C:attention}#1# %{} / al derrotar la {C:attention}ciega / {C:inactive}(Actual: {C:money}$#2#{C:inactive} robados; / {C:inactive}aumentará en {C:money}$#3#}
A	.descriptions.Joker.j_kino_limitless.unlock	Gana {C:money}$#2#{} con {C:attention}cartas de crimen / {C:inactive}($#1#)
S	.descriptions.Joker.j_kino_longlegs.name	Longlegs
A	.descriptions.Joker.j_kino_longlegs.text.[1]	Multi {X:mult,C:white}X#3#{} si la mano que anota / contiene una carta de la misma / {C:attention}categoría{} que la última carta de juego / destruida / {C:inactive}(Categoría: {C:attention}#1#{C:inactive})
A	.descriptions.Joker.j_kino_longlegs.text.[2]	Multi {X:mult,C:white}X#3#{} si la mano que anota / contiene una carta del mismo / {C:attention}palo{} que la última carta de juego / destruida / {C:inactive}(Palo: {C:attention}#2#{C:inactive})
A	.descriptions.Joker.j_kino_longlegs.unlock	Usa {C:attention}El demonio / y {C:attention}El diablo / en la misma partida
S	.descriptions.Joker.j_kino_lord_of_the_rings_1.name	El Señor de los Anillos: La Comunidad del Anillo
A	.descriptions.Joker.j_kino_lord_of_the_rings_1.text.[1]	Multi {X:mult,C:white}x#1#{} cuando se activa / el {C:attention}comodín{} de la derecha
A	.descriptions.Joker.j_kino_lord_of_the_rings_1.text.[2]	Los comodines afectados pierden {C:money}$#2#{} de {C:attention}valor de venta / al final de la ronda / y se {C:red}autodestruyen{} si / su {C:attention}valor de venta{} es {C:money}$0{}
S	.descriptions.Joker.j_kino_lost_in_translation.name	Lost in Translation
A	.descriptions.Joker.j_kino_lost_in_translation.text	{C:mult}+#1#{} multi cuando / se activa un comodín de {C:Romance}romance{}
S	.descriptions.Joker.j_kino_lucky_number_slevin.name	El caso Slevin
A	.descriptions.Joker.j_kino_lucky_number_slevin.text	Todas las probabilidades {C:attention}indicadas{} / aumentan en {C:green}#1#{} por / cada {C:attention}7{} que tengas en la mano / {C:inactive}(Actual: {C:green}#2#{C:inactive})
S	.descriptions.Joker.j_kino_m3gan.name	M3GAN
A	.descriptions.Joker.j_kino_m3gan.text	Reduce el requisito de la {C:attention}ciega{} un #1# % / por cada {C:attention}carta de ciencia ficción{} / que tengas en la mano / en la {C:attention}última mano{}
A	.descriptions.Joker.j_kino_m3gan.unlock	Mejora {C:attention}40 cartas de ciencia ficción / en una partida
S	.descriptions.Joker.j_kino_mafiamamma.name	Mafia Mamma
A	.descriptions.Joker.j_kino_mafiamamma.text	Cuando se vende una carta, / gana tantas {C:chips}fichas{} como / su {C:attention}valor de venta / {C:inactive}(Actual: {C:chips}+#1#{C:inactive} fichas)
A	.descriptions.Joker.j_kino_mafiamamma.unlock	Ten cinco {C:attention}reinas de crimen{} / en tu baraja
S	.descriptions.Joker.j_kino_maltese_falcon.name	El halcón maltés
A	.descriptions.Joker.j_kino_maltese_falcon.text	{C:money}$#1#{} por cada / {C:attention}carta de misterio{} de / tu baraja completa / {C:inactive}(Actual: {C:money}$#2#{C:inactive})
S	.descriptions.Joker.j_kino_mamma_mia_1.name	Mamma Mia!
A	.descriptions.Joker.j_kino_mamma_mia_1.text	{C:mult}+#2#{} multi si / la mano que anota contiene / al menos {C:attention}#1#{} {C:hearts}corazones{}
S	.descriptions.Joker.j_kino_man_of_steel.name	El hombre de acero
A	.descriptions.Joker.j_kino_man_of_steel.text.[1]	El primer {C:attention}rey{} de la mano / da multi {X:mult,C:white}x#1#{}
A	.descriptions.Joker.j_kino_man_of_steel.text.[2]	Los demás {C:attention}reyes{} de la mano / dan {C:mult}+#2#{} multi
S	.descriptions.Joker.j_kino_man_who_laughs.name	El hombre que ríe
A	.descriptions.Joker.j_kino_man_who_laughs.text	Multi {X:mult,C:white}X#1#{} por cada / otra carta de {C:attention}Joker{} / {C:inactive}(Actual: multi {X:mult,C:white}X#2#{C:inactive})
S	.descriptions.Joker.j_kino_mars_attacks.name	Mars Attacks!
A	.descriptions.Joker.j_kino_mars_attacks.text	Sube {C:attention}#1#{} niveles adicionales / el {C:attention}póker{} / y baja el nivel del {C:attention}full / al usar {C:planet}Marte{} / {C:inactive,E:1}Destruir la Tierra tiene consecuencias.{}
S	.descriptions.Joker.j_kino_martian.name	Marte
A	.descriptions.Joker.j_kino_martian.text	Crea {C:attention}#1# {C:Confection}golosinas / al usar {C:planet}Marte{}
A	.descriptions.Joker.j_kino_martian.unlock	Sube el {C:attention}póker / a nivel {C:attention}10{} o superior
S	.descriptions.Joker.j_kino_marty.name	Marty
A	.descriptions.Joker.j_kino_marty.text.[1]	Pon {C:attention}#1# {C:Heartache}contador de desamor / en las cartas que no anotan
A	.descriptions.Joker.j_kino_marty.text.[2]	Gana {C:chips}+#2#{} fichas cuando / se quita un {C:Heartache}contador / de desamor / {C:inactive}(Actual: {C:chips}+#3#{C:inactive} fichas)
S	.descriptions.Joker.j_kino_marty_supreme.name	Marty Supreme
A	.descriptions.Joker.j_kino_marty_supreme.text	Si la {C:attention}primera{} mano de la ronda / contiene exactamente {C:attention}2{} cartas, / sube 1 la categoría de la carta de la izquierda / y baja 1 la de la carta de la derecha
S	.descriptions.Joker.j_kino_matrix_1.name	Matrix
A	.descriptions.Joker.j_kino_matrix_1.text	{C:chips}+#1#{} fichas por / cada {C:attention}carta de ciencia ficción{} / de tu baraja completa / {C:inactive}(Actual: {C:chips}+#2#{C:inactive} fichas)
A	.descriptions.Joker.j_kino_matrix_1.unlock	Derrota al {C:attention}Agente Smith{}
S	.descriptions.Joker.j_kino_meet_the_parents.name	Los padres de ella
A	.descriptions.Joker.j_kino_meet_the_parents.text	Las cartas que {C:attention}no son figura{} dan {C:chips}+#1#{} fichas / por cada carta de {C:attention}figura{} de la mano / de su mismo palo
A	.descriptions.Joker.j_kino_meet_the_parents.unlock	Gana una partida con un / comodín de {C:attention}Robert De Niro{}
S	.descriptions.Joker.j_kino_megalopolis.name	Megalópolis
A	.descriptions.Joker.j_kino_megalopolis.text	Cada carta de {C:clubs}tréboles{} que anota / da {C:chips}+#2#{} fichas / por cada otra carta / de {C:clubs}tréboles{} que anota
S	.descriptions.Joker.j_kino_memento.name	Memento
A	.descriptions.Joker.j_kino_memento.text.[1]	Cada carta que anota se activa / {C:attention}#1# vez/veces adicional(es){}
A	.descriptions.Joker.j_kino_memento.text.[2]	Al realizar cualquier acción, / se dan la vuelta todas las cartas de la mano
S	.descriptions.Joker.j_kino_men_in_black_1.name	Men in Black
A	.descriptions.Joker.j_kino_men_in_black_1.text	Gana {X:mult,C:white}X#2#{} cuando / se {C:Alien}abduce{} una carta / {C:inactive}(Actual: multi {X:mult,C:white}X#1#{C:inactive})
A	.descriptions.Joker.j_kino_men_in_black_1.unlock	{C:Alien}Abduce{} una carta
S	.descriptions.Joker.j_kino_menu.name	El menú
A	.descriptions.Joker.j_kino_menu.text	Crea una {C:Confection}golosina / al vender un {C:attention}comodín
S	.descriptions.Joker.j_kino_metropolis.name	Metrópolis
A	.descriptions.Joker.j_kino_metropolis.text	Las {C:attention}cartas de ciencia ficción{} mejoran / {C:attention}#1#{} vez adicional por cada / comodín de cine {C:Silent}mudo{}
A	.descriptions.Joker.j_kino_metropolis.unlock	Usa {C:attention}El droide{} en / una {C:attention}carta de oro
S	.descriptions.Joker.j_kino_minecraft.name	Una película de Minecraft
A	.descriptions.Joker.j_kino_minecraft.text	Las {C:attention}cartas de piedra{} que anotan / se convierten en cartas de {C:attention}acero / o de {C:attention}oro
A	.descriptions.Joker.j_kino_minecraft.unlock	Ten tres {C:attention}cartas de acero{}, / tres {C:attention}cartas de oro{} y / tres {C:attention}cartas de piedra{} en tu baraja
S	.descriptions.Joker.j_kino_modern_times.name	Tiempos modernos
A	.descriptions.Joker.j_kino_modern_times.text	Las cartas que anotan tienen {C:green}#2# en #3#{} probabilidades / de reactivarse {C:attention}#1#{} veces / y {C:green}#4# en #5#{} probabilidades de / destruirse
S	.descriptions.Joker.j_kino_moneyball.name	Moneyball: Rompiendo las reglas
A	.descriptions.Joker.j_kino_moneyball.text	Gana tanto {C:money}dinero{} / como el {C:attention}nivel / de la {C:attention}primera{} mano jugada
S	.descriptions.Joker.j_kino_monster_house.name	Monster House
A	.descriptions.Joker.j_kino_monster_house.text	{C:mult}+#2#{} multi / {C:mult}-#3#{} multi cuando / la mano que anota no / contiene un {C:attention}full
S	.descriptions.Joker.j_kino_moonfall.name	Moonfall
A	.descriptions.Joker.j_kino_moonfall.text.[1]	Da {C:chips}+#3#{} fichas por cada / carta de {C:clubs}tréboles{} de tu baraja completa / {C:inactive}(Actual: {C:chips}+#4#{C:inactive} fichas)
A	.descriptions.Joker.j_kino_moonfall.text.[2]	{C:Alien}Abduce{} cada carta que anota y no es de {C:clubs}tréboles{} / en la {C:attention}primera{} mano de cada ronda
A	.descriptions.Joker.j_kino_moonfall.text.[3]	{C:white,X:Alien}Liberar:{} devuelve las cartas / convertidas en {C:clubs}tréboles
S	.descriptions.Joker.j_kino_morbius.name	Morbius
A	.descriptions.Joker.j_kino_morbius.text	Al jugar una mano, / {C:Drain}debilita{} todas las {C:attention}cartas mejoradas / de tu mano y gana multi {X:mult,C:white}x#2#{} / hasta el final de la ronda / {C:inactive}(Actual: multi {X:mult,C:white}x#1#{C:inactive})
S	.descriptions.Joker.j_kino_mortal_kombat.name	Mortal Kombat
A	.descriptions.Joker.j_kino_mortal_kombat.text	Al seleccionar la {C:attention}ciega{}, destruye / un {C:attention}comodín{} aleatorio y pon / {C:attention}#1# contadores de poder{} / en otro {C:attention}comodín{} aleatorio
A	.descriptions.Joker.j_kino_mortal_kombat.unlock	Derrota una ciega jefe final / en {E:1,C:attention}1 mano{} sin / usar descartes
S	.descriptions.Joker.j_kino_moulin_rouge.name	Moulin Rouge
A	.descriptions.Joker.j_kino_moulin_rouge.text	Gana {C:attention}+#1#{} de tamaño de mano / por cada palo {C:attention}distinto / robado en la mano inicial
S	.descriptions.Joker.j_kino_mr_and_mrs_smith.name	Sr. y Sra. Smith
A	.descriptions.Joker.j_kino_mr_and_mrs_smith.text	Reactiva las cartas que anotan / {C:attention}#1#{} vez/veces adicional(es) / si la mano jugada es una {C:attention}pareja
A	.descriptions.Joker.j_kino_mr_and_mrs_smith.unlock	Juega una {C:attention}pareja / solo con {C:attention}cartas de romance
S	.descriptions.Joker.j_kino_muppets_2.name	El gran golpe de los Teleñecos
A	.descriptions.Joker.j_kino_muppets_2.text	Los {C:diamonds}diamantes{} jugados dan {C:mult}+#1#{} multi / por cada {C:green}cambio{} de la última ronda / al anotar / {C:inactive}(Actual: {C:mult}+#2#{C:inactive} multi)
S	.descriptions.Joker.j_kino_muppets_treasure_island.name	Los Teleñecos en la isla del tesoro
A	.descriptions.Joker.j_kino_muppets_treasure_island.text	Aumenta en {C:money}$#1#{} el {C:money}valor de venta{} de / un {C:attention}comodín{} aleatorio / en cada {C:green}cambio{}
A	.descriptions.Joker.j_kino_muppets_treasure_island.unlock	Ten un {C:attention}comodín{} con / un {C:attention}valor de venta / de {C:money}$30{} o más
S	.descriptions.Joker.j_kino_my_neighbor_totoro.name	Mi vecino Totoro
A	.descriptions.Joker.j_kino_my_neighbor_totoro.text	{C:chips}+#1#{} fichas cada / {C:attention}#3#{} manos / {C:inactive}(Quedan #2# manos){}
S	.descriptions.Joker.j_kino_nacho_libre.name	Nacho Libre
A	.descriptions.Joker.j_kino_nacho_libre.text.[1]	Las {C:attention}ciegas jefe{} pagan / el doble
A	.descriptions.Joker.j_kino_nacho_libre.text.[2]	Las {C:attention}ciegas pequeñas{} tienen {C:green}1 en 2{} probabilidades / de ser {C:attention}ciegas jefe
S	.descriptions.Joker.j_kino_nightcrawler.name	Nightcrawler
A	.descriptions.Joker.j_kino_nightcrawler.text	Este {C:attention}comodín{} gana multi {X:mult,C:white}X#1#{} / durante {C:attention}#2# rondas{} / cuando se destruye una carta de {C:attention}figura / {C:inactive}(Actual: multi {X:mult,C:white}X#3#{C:inactive})
S	.descriptions.Joker.j_kino_nightmare_before_christmas.name	Pesadilla antes de Navidad
A	.descriptions.Joker.j_kino_nightmare_before_christmas.text	Los {C:Horror}comodines de terror{} adyacentes / a {C:Christmas}comodines navideños{} / se reactivan {C:attention}#1#{} vez/veces
A	.descriptions.Joker.j_kino_nightmare_before_christmas.unlock	Gana una partida con un comodín / de {C:Horror}terror{} y uno de {C:Christmas}Navidad{}
S	.descriptions.Joker.j_kino_nightmare_on_elm_street.name	Pesadilla en Elm Street
A	.descriptions.Joker.j_kino_nightmare_on_elm_street.text	Las {C:attention}cartas de monstruo{} de la mano / dan multi {X:mult,C:white}X#1#{}
A	.descriptions.Joker.j_kino_nightmare_on_elm_street.unlock	Ten {C:attention}10{} cartas de terror / y de monstruo en tu baraja
S	.descriptions.Joker.j_kino_nope.name	¡Nop!
A	.descriptions.Joker.j_kino_nope.text.[1]	{C:Alien}Abduce{} una carta aleatoria cuando / la mano jugada contiene 5 cartas
A	.descriptions.Joker.j_kino_nope.text.[2]	{C:white,X:Alien}Liberar:{} debilita la carta / y gana {C:mult}+#3#{} multi / por cada carta devuelta / {C:inactive}(Actual: {C:mult}+#2#{C:inactive} multi)
S	.descriptions.Joker.j_kino_nosferatu_1.name	Nosferatu (1922)
A	.descriptions.Joker.j_kino_nosferatu_1.text	{C:Drain}Drena{} las {C:attention}mejoras{} de las cartas que anotan / y gana {C:mult}+#1#{} multi / por cada {C:attention}mejora{} drenada / {C:inactive}(Actual: {C:mult}+#2#{C:inactive} multi)
S	.descriptions.Joker.j_kino_nosferatu_2024.name	Nosferatu (2024)
A	.descriptions.Joker.j_kino_nosferatu_2024.text.[1]	{C:Drain}Drena{} las {C:attention}mejoras{} de las cartas que anotan / y gana {C:mult}+#2#{} multi / por cada {C:attention}mejora{} drenada
A	.descriptions.Joker.j_kino_nosferatu_2024.text.[2]	Cada carta de {C:hearts}corazones{} jugada / da {C:mult}+#1#{} multi al anotar
A	.descriptions.Joker.j_kino_nosferatu_2024.unlock	Gana una partida con {C:attention}Nosferatu
S	.descriptions.Joker.j_kino_nowyouseeme_1.name	Ahora me ves...
A	.descriptions.Joker.j_kino_nowyouseeme_1.text.[1]	Gana una {C:attention}carga{} cuando / anota una carta
A	.descriptions.Joker.j_kino_nowyouseeme_1.text.[2]	En la última mano, {C:Magic}lanza un hechizo / {C:attention}aleatorio{C:Magic} de rango según / las {C:attention}cargas{} reunidas / {C:inactive}(Actual: {C:attention}#1#{C:inactive} cargas)
A	.descriptions.Joker.j_kino_nowyouseeme_1.unlock	{C:Magic}Lanza{C:attention} 20{C:Magic} hechizos
S	.descriptions.Joker.j_kino_number_23.name	El número 23
A	.descriptions.Joker.j_kino_number_23.text	{C:mult}+#1#{} multi si las cartas / jugadas suman una / categoría de {C:attention}23
S	.descriptions.Joker.j_kino_oceans_11.name	Ocean's Eleven: Hagan juego (2001)
A	.descriptions.Joker.j_kino_oceans_11.text	Los {C:attention}paquetes potenciadores{} de la tienda / son gratis
S	.descriptions.Joker.j_kino_oceans_11_2.name	La cuadrilla de los once (1960)
A	.descriptions.Joker.j_kino_oceans_11_2.text	Cuando pierdes {C:money}dinero{}, / en su lugar baja el / valor de este comodín / {C:inactive}(Valor máximo de {C:money}$#1#{C:inactive})
S	.descriptions.Joker.j_kino_oceans_12.name	Ocean's Twelve
A	.descriptions.Joker.j_kino_oceans_12.text	Añade {C:money}$#1#{} al {C:attention}dinero robado / al {C:green}cambiar
S	.descriptions.Joker.j_kino_omen.name	La profecía
A	.descriptions.Joker.j_kino_omen.text	{C:chips}+#1#{} fichas si has hecho / al menos {C:attention}#2#{} sacrificios / {C:inactive}(Actual: {C:attention}#3#{C:inactive} sacrificios hechos)
A	.descriptions.Joker.j_kino_omen.unlock	Sacrifica {C:attention}10{} cartas / en una partida
S	.descriptions.Joker.j_kino_only_lovers_left_alive.name	Solo los amantes sobreviven
A	.descriptions.Joker.j_kino_only_lovers_left_alive.text	Si la mano jugada es una {C:attention}pareja{} / y contiene dos {C:attention}cartas de romance{} que anotan, / las {C:Drain}drena{} y gana multi {X:mult,C:white}X#2#{} / {C:inactive}(Actual: multi {X:mult,C:white}X#1#{C:inactive})
A	.descriptions.Joker.j_kino_only_lovers_left_alive.unlock	{C:Drain}Drena{} una {C:attention}carta de romance{}
S	.descriptions.Joker.j_kino_oppenheimer.name	Oppenheimer
A	.descriptions.Joker.j_kino_oppenheimer.text	Cada vez que resuelves / el {C:attention}Códice{}, / crea una carta {C:spectral}espectral{}
A	.descriptions.Joker.j_kino_oppenheimer.unlock	Descubre todas las cartas {C:spectral}espectrales{}
S	.descriptions.Joker.j_kino_pain_and_gain.name	Dolor y dinero
A	.descriptions.Joker.j_kino_pain_and_gain.text	{C:Bullet}Cargado:{} consume una {C:Bullet}bala / para que una carta dé {X:mult,C:white}X#1#{}
S	.descriptions.Joker.j_kino_panic_room.name	La habitación del pánico
A	.descriptions.Joker.j_kino_panic_room.text	{C:chips}+#1#{} fichas y {C:mult}+#2#{} multi / en la {C:attention}última mano
S	.descriptions.Joker.j_kino_pans_labyrinth.name	El laberinto del fauno
A	.descriptions.Joker.j_kino_pans_labyrinth.text.[1]	{C:white,E:1}Completa las misiones
A	.descriptions.Joker.j_kino_pans_labyrinth.text.[2]	Los {C:hearts}corazones{} jugados dan {C:mult}+#1#{} multi
A	.descriptions.Joker.j_kino_pans_labyrinth.text.[3]	Gana {C:money}$#2#{} por cada carta de {C:diamonds}diamantes{} que quede en la baraja
A	.descriptions.Joker.j_kino_pans_labyrinth.text.[4]	{C:chips}+#3#{} fichas por cada carta de {C:clubs}tréboles{} de la mano
A	.descriptions.Joker.j_kino_pans_labyrinth.text.[5]	Multi {X:mult,C:white}X#4#{} por cada carta de {C:spades}picas{} descartada / {C:inactive}(Actual: multi {X:mult,C:white}X#5#{C:inactive})
A	.descriptions.Joker.j_kino_pans_labyrinth.unlock	AÚN NO IMPLEMENTADO
S	.descriptions.Joker.j_kino_pans_labyrinth_locked.name	El laberinto del fauno PERO LOCO Y RETORCIDO
A	.descriptions.Joker.j_kino_pans_labyrinth_locked.text.[1]	{C:white,E:1}Completa las misiones
A	.descriptions.Joker.j_kino_pans_labyrinth_locked.text.[2]	{C:red}Para desbloquear{C:white}: derrota a una {C:attention}ciega jefe
A	.descriptions.Joker.j_kino_pans_labyrinth_locked.text.[3]	{C:red}Para desbloquear{C:white}: consume {C:attention}5{C:Confection} golosinas
A	.descriptions.Joker.j_kino_pans_labyrinth_locked.text.[4]	{C:red}Para desbloquear{C:white}: quita un {C:attention}2{C:white} de tu baraja
S	.descriptions.Joker.j_kino_party_people.name	24 Hour Party People
A	.descriptions.Joker.j_kino_party_people.text	Pon {C:attention}#1#{} {C:green}contadores de dinero{} / en cartas de tu baraja / cuando anota una carta de {C:clubs}tréboles{}; / si alcanzas el límite de {C:money}interés{}, / se duplican los contadores aplicados
S	.descriptions.Joker.j_kino_paul.name	Paul
A	.descriptions.Joker.j_kino_paul.text	Los {C:attention}comodines de ciencia ficción{} / son un {C:attention}#1# %{} más fuertes
A	.descriptions.Joker.j_kino_paul.unlock	Gana una partida con / {C:attention}5{} comodines de {C:Sci-Fi}ciencia ficción{}
S	.descriptions.Joker.j_kino_paulblart_1.name	Superpoli de centro comercial
A	.descriptions.Joker.j_kino_paulblart_1.text.[1]	Consume una {C:attention}carga{} para dar {C:mult}+#1#{} multi / {C:inactive}(Actual: #3# cargas)
A	.descriptions.Joker.j_kino_paulblart_1.text.[2]	Gana {C:attention}+#2#{} cargas / al comerte una {C:Confection}golosina{}
A	.descriptions.Joker.j_kino_paulblart_1.unlock	Consume una {C:Confection}golosina{} de {C:attention}chocolate
S	.descriptions.Joker.j_kino_peggy_sue_got_married.name	Peggy Sue se casó
A	.descriptions.Joker.j_kino_peggy_sue_got_married.text	Las cartas con {C:attention}edición / dan {C:chips}+#1#{} fichas
A	.descriptions.Joker.j_kino_peggy_sue_got_married.unlock	Vende un {C:attention}comodín / con {C:attention}edición
S	.descriptions.Joker.j_kino_pink_panther_1.name	La pantera rosa
A	.descriptions.Joker.j_kino_pink_panther_1.text	Cada carta de {C:diamonds}diamantes{} que anota / da {C:chips}+#2#{} fichas por / cada otra carta de {C:diamonds}diamantes{} que anota
S	.descriptions.Joker.j_kino_pinocchio_1940.name	Pinocho (1940)
A	.descriptions.Joker.j_kino_pinocchio_1940.text	Cada carta {C:attention}sin modificar / que tengas en la mano da / {C:chips}+#1#{} fichas
S	.descriptions.Joker.j_kino_pinocchio_2022.name	Pinocho (2022)
A	.descriptions.Joker.j_kino_pinocchio_2022.text	Las cartas {C:attention}sin modificar{} que anotan / dan {C:chips}+#1#{} fichas
S	.descriptions.Joker.j_kino_piranha_2.name	Piraña 2: Los vampiros del mar
A	.descriptions.Joker.j_kino_piranha_2.text	La primera carta {C:attention}que no anota / da {C:red}+#1#{} multi
S	.descriptions.Joker.j_kino_pirates_movie.name	¡Piratas!
A	.descriptions.Joker.j_kino_pirates_movie.text	Al usar un {C:attention}consumible{} con valor de venta / de {C:money}$1{} o más, / crea una copia / con un {C:attention}valor de venta{} de {C:money}$0
A	.descriptions.Joker.j_kino_pirates_movie.unlock	Gana una partida con un / {C:money}valor de venta{} total de todos tus {C:attention}comodines / de {C:money}$50{} o más
S	.descriptions.Joker.j_kino_pirates_of_the_caribbean_1.name	Piratas del Caribe: La maldición de la Perla Negra
A	.descriptions.Joker.j_kino_pirates_of_the_caribbean_1.text	Al destruirse una {C:attention}carta de juego{}, / aumenta en {C:money}$#1#{} el {C:money}valor de venta{} / de los {C:attention}comodines{} adyacentes
S	.descriptions.Joker.j_kino_pirates_of_the_caribbean_2.name	Piratas del Caribe: El cofre del hombre muerto
A	.descriptions.Joker.j_kino_pirates_of_the_caribbean_2.text	Las cartas dan multi {X:mult,C:white}X1{}, / aumentado en {X:mult,C:white}X#1#{} / por cada {C:money}$1{} de {C:money}valor de venta{}
A	.descriptions.Joker.j_kino_pirates_of_the_caribbean_2.unlock	Juega {C:attention}#2#{} cartas que no anoten / {C:inactive}(#1#)
S	.descriptions.Joker.j_kino_pirates_of_the_caribbean_3.name	Piratas del Caribe: En el fin del mundo
A	.descriptions.Joker.j_kino_pirates_of_the_caribbean_3.text	Los comodines dan tantas {C:chips}fichas{} como / {C:attention}x#1#{} su {C:money}valor de venta{}
A	.descriptions.Joker.j_kino_pirates_of_the_caribbean_3.unlock	Gana una partida con un comodín {C:attention}pirata{}
S	.descriptions.Joker.j_kino_pitch_black.name	Pitch Black
A	.descriptions.Joker.j_kino_pitch_black.text.[1]	{C:mult}+#1#{} multi en la {C:attention}última mano / y reinicia el multi acumulado
A	.descriptions.Joker.j_kino_pitch_black.text.[2]	Aumenta el multi acumulado en {C:mult}+#2#{} / cuando anota una carta en una {C:attention}mano que no es la última{}
S	.descriptions.Joker.j_kino_point_break.name	Le llaman Bodhi
A	.descriptions.Joker.j_kino_point_break.text	Destruye una carta {C:attention}aleatoria{} de / la mano para dar a todas / las cartas que anotan {C:mult}+#1#{} multi / si la mano jugada es una {C:attention}pareja
S	.descriptions.Joker.j_kino_polar_express.name	Polar Express
A	.descriptions.Joker.j_kino_polar_express.text.[1]	{C:attention}Recompensas de bondad: / {B:1,C:white}8 de bondad{}: multi {X:mult,C:white}X#4#{} y / {B:2,C:white}6 de bondad{}: {C:money}$#3#{} al final de la ronda y / {B:3,C:white}4 de bondad{}: {C:mult}+#2#{} multi y / {B:4,C:white}2 de bondad{}: {C:chips}+#1#{} fichas y / {B:5,C:white}0 de bondad{}: {X:dark_edition,C:white,E:1}nada{} más que eso
A	.descriptions.Joker.j_kino_polar_express.text.[2]	Gana tanta {C:attention}bondad{} como / {C:red}descartes{} restantes y / pierde una de {C:attention}bondad{} al / usar un descarte / {C:inactive}(Actual: {C:attention}#5#{C:inactive}/{C:attention}10{C:inactive} de bondad)
S	.descriptions.Joker.j_kino_poltergeist.name	Poltergeist
A	.descriptions.Joker.j_kino_poltergeist.text	Cada carta {C:attention}demoníaca{} que tengas / en la mano da multi {X:mult,C:white}X#1#{}
A	.descriptions.Joker.j_kino_poltergeist.unlock	Juega {C:attention}3{} cartas demoníacas / en una sola mano
S	.descriptions.Joker.j_kino_ponyo.name	Ponyo en el acantilado
A	.descriptions.Joker.j_kino_ponyo.text.[1]	{C:white,X:attention}Activo:{} multi {X:mult,C:white}X#2#{}
A	.descriptions.Joker.j_kino_ponyo.text.[2]	{C:white,X:attention}Inactivo:{} gana multi {X:mult,C:white}X#1#{} / por cada carta que no anota
S	.descriptions.Joker.j_kino_popeye.name	Popeye
A	.descriptions.Joker.j_kino_popeye.text	Aumenta el {C:Power}poder / del {C:attention}comodín{} de / la derecha un / {C:Power}#1# %{}
A	.descriptions.Joker.j_kino_popeye.unlock	Gana una partida con / {C:attention}2 o más{} comodines polícromos
S	.descriptions.Joker.j_kino_predator.name	Depredador
A	.descriptions.Joker.j_kino_predator.text.[1]	Una carta de la mano inicial se convierte {C:attention}en secreto{} / en el {C:attention}depredador{} de esta ronda
A	.descriptions.Joker.j_kino_predator.text.[2]	El {C:attention}depredador{} da / multi {X:mult,C:white}X#2#{} al anotar
A	.descriptions.Joker.j_kino_predator.unlock	Gana una partida con un / comodín de {C:attention}Schwarzenegger{}
S	.descriptions.Joker.j_kino_prestige.name	El truco final (El prestigio)
A	.descriptions.Joker.j_kino_prestige.text	Si la mano jugada contiene / solo una {C:attention}carta de la suerte{}, / la destruye para crear / una copia con {C:green}probabilidades / aumentadas en {C:green}#1#
A	.descriptions.Joker.j_kino_prestige.unlock	En la misma partida, usa {C:attention}La muerte{} / para copiar una {C:attention}carta de la suerte{} / y {C:attention}El colgado{} para / destruir una {C:attention}carta de la suerte{}
S	.descriptions.Joker.j_kino_pride_and_prejudice.name	Orgullo y prejuicio
A	.descriptions.Joker.j_kino_pride_and_prejudice.text	Tras robar cartas, / roba otra {C:attention}carta de romance{} / si solo hay 1 {C:attention}carta de romance{} en la mano
S	.descriptions.Joker.j_kino_princess_bride.name	La princesa prometida
A	.descriptions.Joker.j_kino_princess_bride.text	{C:attention}+#1# de tamaño de mano temporal{} / cuando anota una carta de {C:hearts}corazones{} jugada
S	.descriptions.Joker.j_kino_psycho.name	Psicosis (1960)
A	.descriptions.Joker.j_kino_psycho.text	Las {C:attention}cartas de figura{} de la mano / tienen {C:green}#1# en #2#{} probabilidades / de dar un {C:Jumpscare}susto
S	.descriptions.Joker.j_kino_pulp_fiction.name	Pulp Fiction
A	.descriptions.Joker.j_kino_pulp_fiction.text.[1]	Al usar un {C:attention}consumible{}, / gana {C:mult}+#1#{} multi y aumenta / el escalado en {C:mult}+#2#{} multi / {C:inactive}(Actual: {C:mult}+#3#{C:inactive} multi)
A	.descriptions.Joker.j_kino_pulp_fiction.text.[2]	{C:green}#4# en #5#{} probabilidades de / reiniciar los valores de este comodín / Aumenta en {C:green}+1{} al / usar un {C:attention}consumible
A	.descriptions.Joker.j_kino_pulp_fiction.unlock	Usa {C:attention}100{} consumibles / {C:inactive}(#1#)
S	.descriptions.Joker.j_kino_quick_and_the_dead.name	Rápida y mortal
A	.descriptions.Joker.j_kino_quick_and_the_dead.text	{C:Bullet}Cargado:{} consume todas las {C:Bullet}balas{} / para reducir el requisito de la {C:attention}ciega / un {C:attention}#1# %{} por cada una / al seleccionar la {C:attention}ciega
S	.descriptions.Joker.j_kino_ratatouille.name	Ratatouille
A	.descriptions.Joker.j_kino_ratatouille.text	Al seleccionar la {C:attention}ciega{}, destruye / una {C:Confection}golosina{} no activa / y {C:attention}mejora{} los valores / de todas las {C:Confection}golosinas{} futuras / en {C:attention}+#1#
S	.descriptions.Joker.j_kino_ready_player_one.name	Ready Player One
A	.descriptions.Joker.j_kino_ready_player_one.text	Los {C:attention}comodines de película{} estrenados / en los {C:attention}70{} u {C:attention}80{} dan tantas {C:chips}fichas / como su año de estreno / {C:inactive}(Sin contar las dos primeras cifras) / {s:0.5,C:inactive}Pulsa «k» sobre los comodines / {s:0.5,C:inactive}de Kino para más información
A	.descriptions.Joker.j_kino_ready_player_one.unlock	Ten al menos {C:attention}3{} / comodines estrenados en los {C:attention}70{} u {C:attention}80
S	.descriptions.Joker.j_kino_resident_evil.name	Resident Evil
A	.descriptions.Joker.j_kino_resident_evil.text	Si un {C:attention}descarte{} es / de una sola carta, / {C:attention}destruye{} todas las cartas de la mano / de la misma categoría
A	.descriptions.Joker.j_kino_resident_evil.unlock	Descarta un {C:attention}póker
S	.descriptions.Joker.j_kino_ringu.name	Ringu (1998)
A	.descriptions.Joker.j_kino_ringu.text	Multi {X:mult,C:white}X#1#{} / Disminuye en {X:mult,C:white}X#2#{} / en cada mano / {C:attention}¡No se puede vender!{} / {C:attention}hay consecuencias
S	.descriptions.Joker.j_kino_robocop_1.name	RoboCop
A	.descriptions.Joker.j_kino_robocop_1.text	Convierte todas las cartas que anotan / en {C:attention}cartas de ciencia ficción{} / si la mano jugada es una {C:attention}carta alta{}
S	.descriptions.Joker.j_kino_rock.name	La roca
A	.descriptions.Joker.j_kino_rock.text	Las {C:attention}cartas de piedra{} dan {C:mult}+#1#{} multi
S	.descriptions.Joker.j_kino_rocky_1.name	Rocky
A	.descriptions.Joker.j_kino_rocky_1.text	Sube de nivel la mano de póker {C:attention}jugada / si no te quedan {C:blue}manos
A	.descriptions.Joker.j_kino_rocky_1.unlock	Sube la {C:attention}carta alta{} a / nivel {C:attention}10
S	.descriptions.Joker.j_kino_rogue_one.name	Rogue One
A	.descriptions.Joker.j_kino_rogue_one.text	Crea una {C:StrangePlanet}Estrella de la Muerte / al destruirse un {C:attention}comodín
A	.descriptions.Joker.j_kino_rogue_one.unlock	Usa la {C:attention}Estrella de la Muerte{} diez veces / {C:inactive}(#1#)
S	.descriptions.Joker.j_kino_rush_hour.name	Hora punta
A	.descriptions.Joker.j_kino_rush_hour.text	Mejora la mano que anota / con {C:chips}+#2#{} fichas / por cada carta {C:dark_edition}negra{} que anota / y {C:mult}+#1#{} multi por cada carta {C:mult}roja{} que anota / si la mano contiene una {C:attention}pareja
S	.descriptions.Joker.j_kino_sausage_party.name	La fiesta de las salchichas
A	.descriptions.Joker.j_kino_sausage_party.text	{C:green}#1# en #2#{} probabilidades de mejorar / una mano de póker aleatoria / cada vez que se activa una {C:Confection}golosina{}
S	.descriptions.Joker.j_kino_scarface_1.name	Scarface (1932)
A	.descriptions.Joker.j_kino_scarface_1.text	Al vender un {C:attention}consumible{}, / {C:money}roba dinero{} igual a su {C:attention}valor de venta
S	.descriptions.Joker.j_kino_scarface_2.name	El precio del poder (1983)
A	.descriptions.Joker.j_kino_scarface_2.text	Al usar un {C:attention}consumible{}, / convierte una carta aleatoria / de la baraja en {C:attention}carta de crimen
A	.descriptions.Joker.j_kino_scarface_2.unlock	Usa {C:attention}El gánster{} #2# veces / {C:inactive}(#1#)
S	.descriptions.Joker.j_kino_school_of_rock.name	Escuela de rock
A	.descriptions.Joker.j_kino_school_of_rock.text	Las cartas {C:attention}de 5 o menos{} que anotan / se convierten en {C:attention}cartas de piedra
A	.descriptions.Joker.j_kino_school_of_rock.unlock	Ten 5 {C:attention}cartas de piedra{} en la mano
S	.descriptions.Joker.j_kino_scream_1.name	Scream
A	.descriptions.Joker.j_kino_scream_1.text	Gana {C:chips}+#2#{} cuando se / activa un comodín de {C:Horror}terror{} / {C:inactive}(Actual: {C:chips}+#1#{C:inactive} fichas)
A	.descriptions.Joker.j_kino_scream_1.unlock	Gana una partida con / {C:attention}5 o más{} comodines de {C:Horror}terror{}
A	.descriptions.Joker.j_kino_se7en.text	Cada {C:attention}7{} que anota / da {C:mult}+#1#{} multi
S	.descriptions.Joker.j_kino_secretary.name	Secretary
A	.descriptions.Joker.j_kino_secretary.text	Cada carta de {C:spades}picas{} que anota / da {C:chips}+#2#{} fichas / por cada otra carta de {C:spades}picas{} que anota
S	.descriptions.Joker.j_kino_seven_brides_for_seven_brothers.name	Siete novias para siete hermanos
A	.descriptions.Joker.j_kino_seven_brides_for_seven_brothers.text	Multi {X:mult,C:white}X#1#{} si la baraja / contiene el mismo número / de {C:attention}reyes{} y de {C:attention}reinas
S	.descriptions.Joker.j_kino_shang_chi.name	Shang-Chi y la leyenda de los Diez Anillos
A	.descriptions.Joker.j_kino_shang_chi.text	{C:Magic}Lanza el siguiente hechizo / del {C:attention}10
S	.descriptions.Joker.j_kino_shawshank_redemption.name	Cadena perpetua
A	.descriptions.Joker.j_kino_shawshank_redemption.text	Cada {C:attention}carta{} de la mano / gana permanentemente {C:chips}+#1#{} fichas / cada vez que se {C:attention}descarta{} una carta
S	.descriptions.Joker.j_kino_shazam_1.name	¡Shazam!
A	.descriptions.Joker.j_kino_shazam_1.text	Al {C:Magic}lanzar un hechizo{}, / transforma una carta aleatoria / {c:attention}que no es figura{} en una {C:attention}J
A	.descriptions.Joker.j_kino_shazam_1.unlock	Usa {C:attention}La muerte{} para convertir / un {C:attention}2{} en una carta de {C:attention}figura
S	.descriptions.Joker.j_kino_shining.name	El resplandor
A	.descriptions.Joker.j_kino_shining.text	Gana {C:mult}+#2#{} multi al / robar una {C:attention}J{}; / se reinicia en cada mano / {C:inactive}(Actual: {C:mult}+#1#{C:inactive} multi)
S	.descriptions.Joker.j_kino_shinkamenrider.name	Shin Kamen Rider
A	.descriptions.Joker.j_kino_shinkamenrider.text.[1]	Gana multi {X:mult,C:white}x#2#{} / al derrotar a una {C:attention}ciega jefe / {C:inactive}(Actual: multi {X:mult,C:white}x#1#{C:inactive})
A	.descriptions.Joker.j_kino_shinkamenrider.text.[2]	Las {C:attention}ciegas grandes{} tienen {C:green}1 en 2{} probabilidades / de ser {C:attention}ciegas jefe
A	.descriptions.Joker.j_kino_shinkamenrider.unlock	Derrota {C:attention}#2#{} ciegas jefe / {C:inactive}(#1#)
S	.descriptions.Joker.j_kino_shopaholic.name	Loca por las compras
A	.descriptions.Joker.j_kino_shopaholic.text.[1]	Gana multi {X:mult,C:white}X#1#{} al / gastar {C:money}$#5#{} / {C:inactive}(Actual: multi {X:mult,C:white}X#2#{C:inactive})
A	.descriptions.Joker.j_kino_shopaholic.text.[2]	Sube {C:money}$#3#{} / cada vez / {C:inactive} (Gasta {C:money}$#4#{C:inactive})
S	.descriptions.Joker.j_kino_shrek_1.name	Shrek
A	.descriptions.Joker.j_kino_shrek_1.text	Cada {C:attention}3.ª vez{} que / activas {C:mult}+multi{} o {X:mult,C:white}multi X{}, / se convierte en {X:mult,C:white}multi X{} o {X:dark_edition,C:white}multi ^{}
S	.descriptions.Joker.j_kino_signs.name	Señales
A	.descriptions.Joker.j_kino_signs.text.[1]	{C:Alien}Abduce{} una carta aleatoria que no anota
A	.descriptions.Joker.j_kino_signs.text.[2]	Da {C:mult}+#3#{} por cada carta / {C:Alien}abducida / {C:inactive}(Actual: {C:mult}+#4#{C:inactive} multi)
A	.descriptions.Joker.j_kino_signs.unlock	Gana una partida sin jugar / cartas que no anoten
S	.descriptions.Joker.j_kino_simpsons.name	Los Simpson: La película
A	.descriptions.Joker.j_kino_simpsons.text	Crea un {C:Confection}dónut{} / al seleccionar la {C:attention}ciega
S	.descriptions.Joker.j_kino_singing_in_the_rain.name	Cantando bajo la lluvia
A	.descriptions.Joker.j_kino_singing_in_the_rain.text.[1]	Al aplicar un {C:attention}contador{}, / aplica {C:attention}X#1#{} esa cantidad
A	.descriptions.Joker.j_kino_singing_in_the_rain.text.[2]	Pon {C:attention}#2#{} {C:attention}contador{} beneficioso aleatorio / en cada carta que no anota
S	.descriptions.Joker.j_kino_sinners.name	Los pecadores
A	.descriptions.Joker.j_kino_sinners.text	{C:Drain}Drena y debilita{} la primera carta que anota / en cada ronda y pon {C:Drain}#1# contadores de sangre / en todas las cartas de la baraja / de su misma categoría
A	.descriptions.Joker.j_kino_sinners.unlock	Ten un comodín {C:Drain}vampiro / con {C:attention}edición
S	.descriptions.Joker.j_kino_skyscraper.name	El rascacielos
A	.descriptions.Joker.j_kino_skyscraper.text	{C:mult}+#2#{} multi / {C:mult}-#3#{} multi cuando / la mano que anota no es una {C:attention}carta alta
S	.descriptions.Joker.j_kino_sleepy_hollow.name	Sleepy Hollow
A	.descriptions.Joker.j_kino_sleepy_hollow.text	Las cartas de {C:attention}monstruo{} y de {C:attention}terror{} / cuentan como de cualquier palo
S	.descriptions.Joker.j_kino_smile.name	Smile
A	.descriptions.Joker.j_kino_smile.text	Las {C:attention}cartas de figura{} no se / sacrifican con las {C:attention}cartas demoníacas{}, / pero sí cuentan como sacrificios
A	.descriptions.Joker.j_kino_smile.unlock	Gana una ronda jugando / solo cartas de {C:attention}figura
S	.descriptions.Joker.j_kino_smurfs_1.name	Los Pitufos
A	.descriptions.Joker.j_kino_smurfs_1.text	Los {C:attention}2{} y {C:attention}3{} que anotan / dan {C:chips}+#1#{} fichas por / cada {C:Magic}hechizo lanzado / {C:inactive}(Actual: {C:chips}+#2#{C:inactive} fichas)
S	.descriptions.Joker.j_kino_snakes_on_a_plane.name	Serpientes en el avión
A	.descriptions.Joker.j_kino_snakes_on_a_plane.text	Al descartar, / roba siempre {C:attention}#1#{} cartas
S	.descriptions.Joker.j_kino_snow_white_1.name	Blancanieves y los siete enanitos
A	.descriptions.Joker.j_kino_snow_white_1.text.[1]	Gana una {C:attention}carga / cada vez que anota una carta / de categoría {C:attention}5 o menor
A	.descriptions.Joker.j_kino_snow_white_1.text.[2]	{C:mult}+#1#{} multi por cada {C:attention}carga / consumida cada vez que anota una {C:attention}reina / {C:inactive}(Actual: #2# cargas)
A	.descriptions.Joker.j_kino_snow_white_1.unlock	Ten al menos una {C:attention}reina / y siete {C:attention}2{} / en tu baraja
S	.descriptions.Joker.j_kino_snowpiercer.name	Rompenieves
A	.descriptions.Joker.j_kino_snowpiercer.text	Destruye todos los {C:attention}consumibles / y gana {C:mult}+#2#{} multi / al seleccionar la {C:attention}ciega / {C:inactive}(Actual: {C:mult}+#1#{C:inactive} multi)
S	.descriptions.Joker.j_kino_social_network.name	La red social
A	.descriptions.Joker.j_kino_social_network.text	{C:chips}+#1#{} fichas por cada / carta de {C:attention}figura{} de tu {C:attention}baraja completa / {C:inactive}(Actual: {C:chips}+#2#{C:inactive} fichas)
S	.descriptions.Joker.j_kino_solo.name	Han Solo: Una historia de Star Wars
A	.descriptions.Joker.j_kino_solo.text	Crea un {C:planet}planeta{} aleatorio / si la mano jugada es una {C:attention}carta alta
A	.descriptions.Joker.j_kino_solo.unlock	Descubre la {C:attention}trilogía original
S	.descriptions.Joker.j_kino_sorcerers_apprentice.name	El aprendiz de brujo
A	.descriptions.Joker.j_kino_sorcerers_apprentice.text	Al {C:Magic}lanzar un hechizo{}, / lo vuelve a lanzar con un rango menor
S	.descriptions.Joker.j_kino_sound_of_music.name	Sonrisas y lágrimas
A	.descriptions.Joker.j_kino_sound_of_music.text	{C:inactive,E:1}#1# / Si tu mano contiene {C:attention}#2#{}, / gana {C:mult}+#6#{} multi y sube un rango / Si tu mano no contiene / {C:attention}#2#{}, reinicia el multi / Si terminas la canción, el multi / ganado se vuelve permanente / {C:inactive}(Actual: {C:mult}+#4#{C:inactive} multi temporal || {C:mult}+#5#{C:inactive} multi)
S	.descriptions.Joker.j_kino_source_code.name	Código fuente
A	.descriptions.Joker.j_kino_source_code.text	Cada {V:1}#1#{} da / {C:mult}+#2#{} multi por cada {C:Bullet}bala{}; / el palo cambia cada ronda
A	.descriptions.Joker.j_kino_source_code.unlock	Gana una partida con / {C:attention}Matrix
S	.descriptions.Joker.j_kino_spartacus.name	Espartaco
A	.descriptions.Joker.j_kino_spartacus.text	Si la {C:attention}última mano jugada / de la ronda contiene solo {C:attention}1{} carta, / convierte todas las cartas de / la mano en copias de ella
A	.descriptions.Joker.j_kino_spartacus.unlock	Ten {C:attention}10{} cartas idénticas / en tu baraja
S	.descriptions.Joker.j_kino_spirited_away.name	El viaje de Chihiro
A	.descriptions.Joker.j_kino_spirited_away.text	Mejora todas las cartas / de la baraja con {C:chips}+#1#{} fichas / al seleccionar la {C:attention}ciega
S	.descriptions.Joker.j_kino_stand_by_me.name	Cuenta conmigo
A	.descriptions.Joker.j_kino_stand_by_me.text	Crea {C:tarot}El colgado / cuando la mano jugada es una {C:attention}escalera
S	.descriptions.Joker.j_kino_star_wars_clone_wars.name	Star Wars: The Clone Wars
A	.descriptions.Joker.j_kino_star_wars_clone_wars.text.[1]	{C:mult}+#1#{} multi por cada / comodín de {C:Animation}animación{} / {C:inactive}(Actual: {C:mult}+#2#{C:inactive} multi)
A	.descriptions.Joker.j_kino_star_wars_clone_wars.text.[2]	Reactiva este {C:attention}comodín / #3# vez/veces por cada / {C:attention}comodín{} de {C:Sci-Fi}ciencia ficción{} adyacente / {C:inactive}(Actual: {C:attention}+#4#{C:inactive} reactivaciones)
A	.descriptions.Joker.j_kino_star_wars_clone_wars.unlock	Gana una partida con dos / copias del mismo / comodín de {C:attention}Star Wars{}
S	.descriptions.Joker.j_kino_star_wars_holiday.name	Especial navideño de Star Wars
A	.descriptions.Joker.j_kino_star_wars_holiday.text.[1]	Gana #2# {C:attention}carga{} cuando / se usa un {C:planet}planeta{} / o se derrota una {C:attention}ciega{} / {C:inactive}(Actual: #1# cargas)
A	.descriptions.Joker.j_kino_star_wars_holiday.text.[2]	Al vender este {C:attention}comodín{}, crea / un {C:attention}comodín de Star Wars / por cada {C:attention}#3#{} cargas / {C:inactive}(Debe haber espacio)
A	.descriptions.Joker.j_kino_star_wars_holiday.unlock	Gana una partida con un comodín / de {C:attention}Star Wars{} y uno de {C:Christmas}Navidad{}
S	.descriptions.Joker.j_kino_star_wars_i.name	Star Wars Episodio I: La amenaza fantasma
A	.descriptions.Joker.j_kino_star_wars_i.text	Mejora {C:attention}#1#{} cartas de tu baraja / con {C:chips}+#2#{} fichas / al usar un {C:planet}planeta{}
A	.descriptions.Joker.j_kino_star_wars_i.unlock	Gana una partida con un / comodín de {C:attention}Star Wars{}
S	.descriptions.Joker.j_kino_star_wars_ii.name	Star Wars Episodio II: El ataque de los clones
A	.descriptions.Joker.j_kino_star_wars_ii.text	Al destruirse una carta de juego, / {C:attention}mejora{} cada carta de tu baraja / de la misma categoría con / {C:attention}#1#x{} sus mejoras
A	.descriptions.Joker.j_kino_star_wars_ii.unlock	Destruye una carta de cada categoría / en la misma partida
S	.descriptions.Joker.j_kino_star_wars_iii.name	Star Wars Episodio III: La venganza de los Sith
A	.descriptions.Joker.j_kino_star_wars_iii.text	En la primera mano de la ronda, / destruye el {C:attention}comodín{} de la derecha / y mejora las {C:attention}cartas que anotan{} / con multi {X:mult,C:white}X#1#{} igual a su / {C:attention}valor de venta
A	.descriptions.Joker.j_kino_star_wars_iii.unlock	Pierde contra {C:attention}Vader
S	.descriptions.Joker.j_kino_star_wars_iv.name	La guerra de las galaxias
A	.descriptions.Joker.j_kino_star_wars_iv.text	Cuando hayan anotado cartas / que sumen {C:attention}#2#{}, / sube de nivel una mano aleatoria {C:attention}#3#{} veces / {C:inactive}(Actual: {C:attention}#1#{C:inactive} de valor anotado)
S	.descriptions.Joker.j_kino_star_wars_ix.name	Star Wars Episodio IX: El ascenso de Skywalker
A	.descriptions.Joker.j_kino_star_wars_ix.text	Gana {C:attention}+#1#{} de tamaño de mano / por cada {C:planet}planeta{} usado / desde la última ronda / {C:inactive}(Actual: +#2# de tamaño de mano)
A	.descriptions.Joker.j_kino_star_wars_ix.unlock	Usa {C:attention}El emperador / mientras te enfrentas a {C:attention}Palpatine
S	.descriptions.Joker.j_kino_star_wars_v.name	Star Wars Episodio V: El imperio contraataca
A	.descriptions.Joker.j_kino_star_wars_v.text.[1]	{C:mult}+#1#{} multi
A	.descriptions.Joker.j_kino_star_wars_v.text.[2]	Reduce el multi en {C:mult}-#2#{} por mano
A	.descriptions.Joker.j_kino_star_wars_v.text.[3]	Aumenta el multi en {C:mult}+#3#{} al / usar un {C:planet}planeta
A	.descriptions.Joker.j_kino_star_wars_v.unlock	Derrota a {C:attention}Darth Vader
S	.descriptions.Joker.j_kino_star_wars_vi.name	Star Wars Episodio VI: El retorno del Jedi
A	.descriptions.Joker.j_kino_star_wars_vi.text	Da {C:chips}+#1#{} fichas / Multiplica por {C:attention}x#2#{} al usar un {C:planet}planeta / y por {C:attention}x#3#{} al jugar una mano
A	.descriptions.Joker.j_kino_star_wars_vi.unlock	Derrota al {C:attention}Emperador Palpatine
S	.descriptions.Joker.j_kino_star_wars_vii.name	Star Wars Episodio VII: El despertar de la Fuerza
A	.descriptions.Joker.j_kino_star_wars_vii.text	Las cartas que anotan dan {C:mult}+#1#{} multi / por cada nivel de la mano de póker que anota
A	.descriptions.Joker.j_kino_star_wars_vii.unlock	Ten al menos 1 / comodín de {C:attention}Star Wars{} / con edición
S	.descriptions.Joker.j_kino_star_wars_viii.name	Star Wars Episodio VIII: Los últimos Jedi
A	.descriptions.Joker.j_kino_star_wars_viii.text.[1]	Las cartas que anotan dan {C:mult}+#2#{} multi / por cada {C:attention}carga{} / y consumen una {C:attention}carga
A	.descriptions.Joker.j_kino_star_wars_viii.text.[2]	Al seleccionar la {C:attention}ciega{}, fija las {C:attention}cargas / en {C:attention}x#2#{} los / {C:planet}planetas{} usados en esta partida / {C:inactive}(Actual: {C:attention}#3#{C:planet} planetas{C:inactive} usados)
A	.descriptions.Joker.j_kino_star_wars_viii.unlock	Destruye un comodín de {C:attention}Star Wars{} / usando una {C:StrangePlanet}Estrella de la Muerte
S	.descriptions.Joker.j_kino_stargate.name	Stargate: Puerta a las estrellas
A	.descriptions.Joker.j_kino_stargate.text.[1]	{C:Alien}Abduce{} cada / {C:attention}carta de piedra{} que anota
A	.descriptions.Joker.j_kino_stargate.text.[2]	{C:white,X:Alien}Liberar:{} devuelve las cartas {C:Alien}abducidas / sin su mejora / y gana {C:chips}+#4#{} fichas por cada una / {C:inactive}(Actual: {C:chips}+#3#{C:inactive} fichas)
A	.descriptions.Joker.j_kino_stargate.unlock	Abduce una {C:attention}carta de piedra
S	.descriptions.Joker.j_kino_starman.name	Starman, el hombre de las estrellas
A	.descriptions.Joker.j_kino_starman.text	Al {C:attention}formar una pareja romántica{}, / mejora todas las manos con {C:mult}+#1#{} multi
S	.descriptions.Joker.j_kino_steel.name	Steel
A	.descriptions.Joker.j_kino_steel.text	Gana {C:chips}+#2#{} fichas por / cada carta de {C:attention}acero{} de la mano / {C:inactive}(Actual: {C:chips}+#1#{C:inactive} fichas)
S	.descriptions.Joker.j_kino_stranger_than_fiction.name	Más extraño que la ficción
A	.descriptions.Joker.j_kino_stranger_than_fiction.text	Narra tu siguiente movimiento / Aumenta en {C:chips}+#2#{} fichas si lo haces / Se reinicia si no lo haces / {C:inactive}(Actual: {C:chips}+#1#{C:inactive} fichas) / \n / {C:inactive,E:1}«... y entonces jugó / {C:inactive,E:1}{C:attention}#4#{}»
S	.descriptions.Joker.j_kino_stripes.name	El pelotón chiflado
A	.descriptions.Joker.j_kino_stripes.text	Gana {C:chips}+#2#{} fichas cuando anota una carta / Pierde {C:chips}-#2#{} fichas al descartar una carta / {C:inactive}(Actual: {C:chips}+#1#{C:inactive} fichas)
S	.descriptions.Joker.j_kino_substance.name	La sustancia
A	.descriptions.Joker.j_kino_substance.text.[1]	Al robar una carta de {C:attention}figura{}, / pon {C:attention}#1#{C:mult} contador de multi{} / en ella
A	.descriptions.Joker.j_kino_substance.text.[2]	Aumenta en {C:attention}1{} los {C:mult}contadores de multi{} / aplicados cuando se transforma / una {C:attention}reina
S	.descriptions.Joker.j_kino_sugarland_express.name	Loca evasión
A	.descriptions.Joker.j_kino_sugarland_express.text.[1]	{C:white,X:attention}Activo:{} {C:chips}+#3#{} fichas por / cada vez que ha cobrado dinero
A	.descriptions.Joker.j_kino_sugarland_express.text.[2]	{C:white,X:attention}Inactivo:{} cobra {C:money}$#1# / al jugar una mano / {C:inactive}(Actual: ha cobrado dinero #2# veces)
A	.descriptions.Joker.j_kino_sugarland_express.unlock	Activa una {C:attention}carta de crimen{} #2# veces / {C:inactive}(#1#)
S	.descriptions.Joker.j_kino_sunshine.name	Sunshine
A	.descriptions.Joker.j_kino_sunshine.text	{C:mult}+#1#{} multi por cada / carta de {C:hearts}corazones{} de la mano
S	.descriptions.Joker.j_kino_superman_1978.name	Superman (1978)
A	.descriptions.Joker.j_kino_superman_1978.text	La carta superior de tu baraja / es siempre una carta de {C:attention}superhéroe{} / (si te queda alguna en la baraja)
A	.descriptions.Joker.j_kino_superman_1978.unlock	Juega una {C:attention}carta de superhéroe{} / en la última mano / de una ronda
S	.descriptions.Joker.j_kino_superman_2025.name	Superman (2025)
A	.descriptions.Joker.j_kino_superman_2025.text.[1]	Gana {C:attention}#1# carga{} por / cada carta de {C:hearts}corazones{} jugada; / reduce a la mitad las {C:attention}cargas{} / si no se juegan {C:hearts}corazones{} / {C:inactive}(Actual: #2# cargas)
A	.descriptions.Joker.j_kino_superman_2025.text.[2]	{C:attention}Obtiene habilidades según sus cargas /   / {B:1,C:white}5{}: {C:chips}+#3#{} fichas / {B:2,C:white}10{}: {C:mult}+#4#{} multi / {B:3,C:white}30{}: multi {X:mult,C:white}x#5#{} / {B:4,C:white}100{}: es {C:attention}x#6#{} más fuerte / {B:5,C:white}250{}: es {C:attention}x#7#{} más fuerte
S	.descriptions.Joker.j_kino_taken_1.name	Venganza
A	.descriptions.Joker.j_kino_taken_1.text	{C:mult}+#1#{} multi al / robar una {C:attention}reina{} / {C:mult}-#2#{} multi al / descartar una {C:attention}reina{} / {C:inactive}(Actual: {C:mult}+#3#{C:inactive} multi)
A	.descriptions.Joker.j_kino_taken_1.unlock	Gana una partida / sin {C:attention}reinas / en tu baraja
S	.descriptions.Joker.j_kino_terminator_1.name	Terminator
A	.descriptions.Joker.j_kino_terminator_1.text	Cada vez que se destruye / una {C:attention}carta de ciencia ficción{}, crea una copia / en la baraja y la mejora
A	.descriptions.Joker.j_kino_terminator_1.unlock	Destruye {C:attention}10{} cartas de ciencia ficción / {C:inactive}(#1#)
S	.descriptions.Joker.j_kino_terminator_2.name	Terminator 2: El juicio final
A	.descriptions.Joker.j_kino_terminator_2.text	Las {C:attention}cartas de ciencia ficción{} ganan / multi {X:mult,C:white}X#1#{} en lugar de / {C:mult}+1{} multi al mejorarse
A	.descriptions.Joker.j_kino_terminator_2.unlock	Destruye a {C:attention}Terminator
S	.descriptions.Joker.j_kino_terror_train.name	El tren del terror
A	.descriptions.Joker.j_kino_terror_train.text	Cada carta de la mano / que comparta categoría / con una carta que anota tiene / {C:green}#1# en #2#{} probabilidades de dar un {C:Jumpscare}susto
S	.descriptions.Joker.j_kino_they_live.name	Están vivos
A	.descriptions.Joker.j_kino_they_live.text.[1]	{C:Alien}Abduce{} cada carta {C:mult}descartada{} / en el {C:attention}primer descarte
A	.descriptions.Joker.j_kino_they_live.text.[2]	Gana {C:money}$#3#{} por cada carta / que este comodín ha {C:Alien}abducido / {C:inactive}(Actual: {C:money}$#4#{C:inactive})
A	.descriptions.Joker.j_kino_they_live.unlock	{C:Alien}Abduce{} {C:attention}5{} cartas / en una sola mano
S	.descriptions.Joker.j_kino_thing.name	La cosa (1982)
A	.descriptions.Joker.j_kino_thing.text	Cada {V:1}#1#{} cuenta / como de todos los palos; / el palo cambia cada ronda
S	.descriptions.Joker.j_kino_thor_1.name	Thor
A	.descriptions.Joker.j_kino_thor_1.text	Reactiva una carta / aleatoria {C:attention}#1#{} veces / si la mano jugada contiene / {C:attention}3{} o más cartas que anotan
A	.descriptions.Joker.j_kino_thor_1.unlock	Derrota a {C:attention}Loki
S	.descriptions.Joker.j_kino_three_musketeers_1.name	Los tres mosqueteros (2011)
A	.descriptions.Joker.j_kino_three_musketeers_1.text	{C:mult}+#2#{} multi / {C:mult}-#3#{} multi cuando / la mano que anota no / contiene un {C:attention}trío
S	.descriptions.Joker.j_kino_titanic.name	Titanic
A	.descriptions.Joker.j_kino_titanic.text	{C:mult}+#1#{} multi / Se {C:attention}duplica{} por cada {C:attention}#2#{} {C:hearts}corazones / en tu baraja completa / {C:inactive}(Actual: {C:hearts}#3#{C:inactive} corazones en la baraja)
S	.descriptions.Joker.j_kino_tmnt_1.name	Las tortugas ninja (1990)
A	.descriptions.Joker.j_kino_tmnt_1.text	Reactiva {C:attention}#1# veces{} la primera / carta que anota / de cada palo
A	.descriptions.Joker.j_kino_tmnt_1.unlock	Consume una {C:Confection}porción de pizza{} {C:attention}10{} veces
S	.descriptions.Joker.j_kino_to_kill_a_mockingbird.name	Matar a un ruiseñor
A	.descriptions.Joker.j_kino_to_kill_a_mockingbird.text	Cuando se destruye otro / {C:attention}comodín{}, / {C:green}#1# en #2#{} probabilidades de / volverlo {C:dark_edition}negativo{} / en su lugar
A	.descriptions.Joker.j_kino_to_kill_a_mockingbird.unlock	Destruye {C:attention}#2#{} comodines / {C:inactive}(#1#)
S	.descriptions.Joker.j_kino_tower_heist.name	Un golpe de altura
A	.descriptions.Joker.j_kino_tower_heist.text	Las {C:attention}cartas de piedra{} dan / {C:chips}+#1#{} fichas por cada {C:money}$1{} robado / {C:inactive}(Actual: {C:chips}#2#{C:inactive} fichas)
S	.descriptions.Joker.j_kino_trading_places.name	Entre pillos anda el juego
A	.descriptions.Joker.j_kino_trading_places.text	Gana multi {X:mult,C:white}X#2#{} al / vender una carta con {C:attention}valor de venta{} / de {C:money}$#3#{} o más / {C:inactive}(Actual: multi {X:mult,C:white}X#1#{C:inactive})
A	.descriptions.Joker.j_kino_trading_places.unlock	Ten un comodín de {C:Comedy}comedia{} / con un {C:attention}valor de venta{} de {C:money}$10{}
S	.descriptions.Joker.j_kino_treasure_island.name	La isla del tesoro
A	.descriptions.Joker.j_kino_treasure_island.text	Gana {C:money}x#1#{} el {C:attention}valor / {C:attention}de venta{} de todos tus / comodines al derrotar a la {C:attention}ciega jefe / {C:inactive}(Actual: {C:money}$#2#{C:inactive})
S	.descriptions.Joker.j_kino_treasure_planet.name	El planeta del tesoro
A	.descriptions.Joker.j_kino_treasure_planet.text	Gana {C:money}$#1#{} al / usar un {C:planet}planeta
A	.descriptions.Joker.j_kino_treasure_planet.unlock	Usa {C:StrangePlanet}El planeta del tesoro
S	.descriptions.Joker.j_kino_tree_of_life.name	El árbol de la vida
A	.descriptions.Joker.j_kino_tree_of_life.text	{C:chips}+#1#{} fichas por / cada {C:attention}categoría distinta / que tengas en la mano
S	.descriptions.Joker.j_kino_tron.name	Tron
A	.descriptions.Joker.j_kino_tron.text	Gana {C:mult}+#2#{} multi cada vez / que se han activado {C:attention}#3#{} comodines de {C:Sci-Fi}ciencia ficción{} / {C:inactive}(Actual: {C:mult}+#1#{C:inactive} multi)
A	.descriptions.Joker.j_kino_tron.unlock	Abre {C:attention}#2# paquetes de ciencia ficción / {C:inactive}(#1#)
S	.descriptions.Joker.j_kino_true_lies.name	Mentiras arriesgadas
A	.descriptions.Joker.j_kino_true_lies.text	Las {C:attention}cartas versátiles{} se reactivan / {C:attention}#1#{} vez/veces adicional(es) / por cada {C:attention}rey{} de tu mano / {C:inactive}(Actual: #2# rey(es))
A	.descriptions.Joker.j_kino_true_lies.unlock	Ten {C:attention}cinco{} {C:attention}reyes versátiles / en tu baraja
S	.descriptions.Joker.j_kino_truman_show.name	El show de Truman
A	.descriptions.Joker.j_kino_truman_show.text	Da tantas {C:chips}fichas{} / como tu {C:attention,E:1}audiencia /   / {C:attention}Audiencia actual:
S	.descriptions.Joker.j_kino_turner_and_hooch.name	Socios y sabuesos
A	.descriptions.Joker.j_kino_turner_and_hooch.text.[1]	{C:attention}Inactivo{}: Turner reúne / {C:attention}cargas{} por / cada palo distinto que anota
A	.descriptions.Joker.j_kino_turner_and_hooch.text.[2]	{C:attention}Activo{}: Hooch da / {C:mult}+#4#{} multi por / {C:attention}carga{} consumida / {C:inactive}(Actual: {C:attention}#2#{C:inactive} pruebas reunidas)
S	.descriptions.Joker.j_kino_twilight_1.name	Crepúsculo
A	.descriptions.Joker.j_kino_twilight_1.text.[1]	{C:Drain}Drena{} la {C:attention}mejora{} de / cualquier carta jugada que no sea de romance
A	.descriptions.Joker.j_kino_twilight_1.text.[2]	Las {C:attention}cartas de romance{} tienen / {X:legendary,C:white}X#2#{} adicional al activarse / por cada carta drenada / {C:inactive}(Actual: {X:legendary,C:white}X#1#{C:inactive})
A	.descriptions.Joker.j_kino_twilight_1.unlock	Usa {C:attention}El sol{} y {C:attention}La luna / dos veces en una partida
S	.descriptions.Joker.j_kino_twins.name	Los gemelos golpean dos veces
A	.descriptions.Joker.j_kino_twins.text	{C:chips}+#1#{} fichas y {C:mult}+#2#{} multi / si la mano jugada contiene / exactamente {C:attention}2{} cartas
A	.descriptions.Joker.j_kino_twins.unlock	Gana una partida con / dos copias del / mismo comodín
A	.descriptions.Joker.j_kino_up.text	Reactiva {C:attention}#1#{} veces tu carta / que más anota / {C:inactive}(Si hay varias, elige la última)
A	.descriptions.Joker.j_kino_up.unlock	Anota {C:chips}300{} fichas o más / en la primera mano / de una partida
A	.descriptions.Joker.j_kino_us.text	Gana multi {X:mult,C:white}X#2#{} cuando / despierta una {C:attention}carta de terror / {C:inactive}(Actual: multi {X:mult,C:white}X#1#{C:inactive})
S	.descriptions.Joker.j_kino_v_for_vendetta.name	V de Vendetta
A	.descriptions.Joker.j_kino_v_for_vendetta.text.[1]	Cada carta que anota y {C:attention}no es figura / da {C:mult}+#2#{} multi por {C:attention}carga
A	.descriptions.Joker.j_kino_v_for_vendetta.text.[2]	Gana {C:attention}1{} carga / cuando anota un {C:attention}5{} / Pierde todas las {C:attention}cargas{} cuando / anota una carta de {C:attention}figura / {C:inactive}(Actual: {C:mult}+#1#{C:inactive} multi)
A	.descriptions.Joker.j_kino_v_for_vendetta.unlock	Juega un {C:attention}full / formado por {C:attention}5{} y {C:attention}J
S	.descriptions.Joker.j_kino_voyage_dans_le_lune.name	Viaje a la Luna
A	.descriptions.Joker.j_kino_voyage_dans_le_lune.text	{C:green}#1# en #2#{} probabilidades de crear / una carta de {C:planet}planeta{} al abrir / cualquier {C:attention}paquete potenciador / {C:inactive}(Debe haber espacio)
S	.descriptions.Joker.j_kino_wall_e.name	WALL·E
A	.descriptions.Joker.j_kino_wall_e.text	Gana {C:mult}+#1#{} multi / al descartar / una carta {C:attention}mejorada{}; / si es {C:attention}metálica{}, / gana {C:mult}+#2#{} multi en su lugar / {C:inactive}(Actual: {C:mult}+#3#{C:inactive} multi)
A	.descriptions.Joker.j_kino_wall_e.unlock	Descarta {C:attention}5 / cartas mejoradas a la vez
S	.descriptions.Joker.j_kino_wall_street.name	Wall Street
A	.descriptions.Joker.j_kino_wall_street.text.[1]	Gana {C:money}$#1#{} de / {C:attention}valor de venta{} / al descartar una carta
A	.descriptions.Joker.j_kino_wall_street.text.[2]	{C:green}#2# en #3#{} probabilidades de / dividir el valor de venta entre {C:attention}#4# / al jugar una mano
S	.descriptions.Joker.j_kino_war_of_the_worlds.name	La guerra de los mundos
A	.descriptions.Joker.j_kino_war_of_the_worlds.text	Al seleccionar la {C:attention}ciega{}, destruye / tus {C:planet}planetas{} para ganar / {C:chips}+#1#{} mano(s) o {C:mult}+#2#{} descarte(s) por cada uno
S	.descriptions.Joker.j_kino_war_of_the_worlds_2025.name	La guerra de los mundos (2025)
A	.descriptions.Joker.j_kino_war_of_the_worlds_2025.text	Al seleccionar la {C:attention}ciega{}, / reduce las {C:chips}manos{} y los / {C:mult}descartes{} a 2 / y gana {C:money}$#1#{} por cada / {C:chips}mano{} o {C:red}descarte{} / eliminado así
S	.descriptions.Joker.j_kino_warriors.name	The Warriors (Los amos de la noche)
A	.descriptions.Joker.j_kino_warriors.text	Las cartas dan {C:mult}+#1#{} multi / por cada carta de la mano / de su mismo palo
S	.descriptions.Joker.j_kino_waterworld.name	Waterworld
A	.descriptions.Joker.j_kino_waterworld.text	Aumenta el {C:attention}valor de venta / de un {C:attention}comodín{} aleatorio / en {C:money}$#1#{} por / cada carta que no anota
S	.descriptions.Joker.j_kino_weapons.name	Weapons
A	.descriptions.Joker.j_kino_weapons.text	Las #2# primeras veces de cada apuesta inicial / que se destruye una carta {C:attention}de 5 o menos{}, / crea un {C:tarot}Colgado / {C:inactive}(Quedan #1# activaciones esta apuesta inicial)
A	.descriptions.Joker.j_kino_weapons.unlock	Gana una partida sin / jugar ni destruir / cartas {C:attention}de 5 o menos
S	.descriptions.Joker.j_kino_west_side_story_1.name	West Side Story (1961)
A	.descriptions.Joker.j_kino_west_side_story_1.text.[1]	{C:chips}Jets: / {C:chips}+#1#{} fichas si / la mano que anota tiene / más {C:spades}picas y {C:clubs}tréboles{}
A	.descriptions.Joker.j_kino_west_side_story_1.text.[2]	{C:red}Sharks: / {C:mult}+#2#{} multi si / la mano que anota tiene / más {C:hearts}corazones{} y {C:diamonds}diamantes
S	.descriptions.Joker.j_kino_what_we_do_in_the_shadows.name	Lo que hacemos en las sombras
A	.descriptions.Joker.j_kino_what_we_do_in_the_shadows.text	{C:green}#3# en #4#{} probabilidades de {C:Drain}drenar / una {C:attention}categoría{} de la primera / carta que anota en cada mano / y ganar {C:chips}+#2#{} fichas / Se repite con {C:green}-1{} de probabilidad si tiene éxito / {C:inactive}(Actual: {C:chips}+#1#{C:inactive} fichas)
A	.descriptions.Joker.j_kino_what_we_do_in_the_shadows.unlock	Consigue {C:attention}#2#{} comodines {C:Drain}vampiro{} / {C:inactive}(#1#)
S	.descriptions.Joker.j_kino_when_harry_met_sally.name	Cuando Harry encontró a Sally
A	.descriptions.Joker.j_kino_when_harry_met_sally.text	Las cartas jugadas dan multi {X:mult,C:white}X#1#{} / al anotar si / comparten {C:attention}categoría / con una carta de la mano
A	.descriptions.Joker.j_kino_when_harry_met_sally.unlock	Forma {C:attention}#2#{C:Romance} parejas románticas / {C:inactive}(#1#)
S	.descriptions.Joker.j_kino_wicker_man.name	El hombre de mimbre (2006)
A	.descriptions.Joker.j_kino_wicker_man.text	Si el {C:attention}primer{} descarte de la ronda / tiene solo {C:attention}1{} carta, la destruye / y gana tanto {C:mult}multi{} como sus / {C:chips}fichas{}; se reinicia al / derrotar a la {C:attention}ciega jefe / {C:inactive}(Actual: {C:mult}+#1#{C:inactive} multi)
A	.descriptions.Joker.j_kino_wicker_man.unlock	Vende {C:attention}30{} cartas / en una misma partida / {C:inactive}(#1#)
S	.descriptions.Joker.j_kino_wizard_of_oz.name	El mago de Oz
A	.descriptions.Joker.j_kino_wizard_of_oz.text	Las {C:attention}cartas versátiles{} que anotan / dan multi {X:mult,C:white}X#1#{}
S	.descriptions.Joker.j_kino_wolf_man_1.name	El hombre lobo (1941)
A	.descriptions.Joker.j_kino_wolf_man_1.text	Multi {X:mult,C:white}X#1#{} cuando / despierta una {C:attention}carta de terror
S	.descriptions.Joker.j_kino_wonka.name	Wonka
A	.descriptions.Joker.j_kino_wonka.text	{C:red}+#1#{} multi por cada {C:Confection}golosina{} / usada en esta partida / {C:inactive}(Actual: {C:red}+#2#{C:inactive} multi)
A	.descriptions.Joker.j_kino_wonka.unlock	Usa {C:attention}10{C:Confection} golosinas
A	.descriptions.Joker.j_kino_x.text	{X:attention,C:white}Activo{}: al robar la {C:attention}mano inicial{}, / roba {C:attention}#1#{} cartas adicionales / y destruye {C:attention}1{} carta aleatoria
S	.descriptions.Joker.j_kino_yes_man.name	Di que sí
A	.descriptions.Joker.j_kino_yes_man.text	Gana multi {X:mult,C:white}X#2#{} / al jugar una mano / {C:inactive}(Actual: multi {X:mult,C:white}X#1#{C:inactive}) / Se {C:red}autodestruye{} al / {C:attention}descartar{} una carta
S	.descriptions.Joker.j_kino_young_frankenstein.name	El jovencito Frankenstein
A	.descriptions.Joker.j_kino_young_frankenstein.text	Cada vez que resuelves / el {C:attention}Códice{}, / mejora todas las cartas que anotan / con {C:mult}+#1#{} multi
S	.descriptions.Joker.j_kino_your_highness.name	Caballeros, princesas y otras bestias
A	.descriptions.Joker.j_kino_your_highness.text	Tras obtener {C:attention}#3#{} consumibles, / el siguiente consumible que obtengas / será {C:dark_edition,E:1}negativo / {C:inactive}(Se activará tras #4# cartas)
A	.descriptions.Joker.j_kino_your_highness.unlock	Usa {C:attention}50{} consumibles / en una misma partida
S	.descriptions.Joker.j_kino_zardoz.name	Zardoz
A	.descriptions.Joker.j_kino_zardoz.text.[1]	Las {C:attention}cartas de piedra{} dan / multi {X:mult,C:white}X#1#{}
A	.descriptions.Joker.j_kino_zardoz.text.[2]	Aumenta en {X:mult,C:white}X#2#{} multi / cada vez que se {C:attention}destruye{} una carta
S	.descriptions.Joker.j_kino_zodiac.name	Zodiac
A	.descriptions.Joker.j_kino_zodiac.text	Cada vez que resuelves / el {C:attention}Códice{}, / gana una {C:attention}carga / Reduce el requisito de la {C:attention}ciega jefe / al {C:attention}#1# %{} por cada {C:attention}carga{} usada / {C:inactive}(Actual: {C:attention}#2#{C:inactive} acumulaciones)
A	.descriptions.Joker.j_kino_zodiac.unlock	Gana una partida con un / comodín de {C:attention}Fincher{}
S	.descriptions.Joker.j_kino_zoolander.name	Zoolander
A	.descriptions.Joker.j_kino_zoolander.text	Cada carta de {C:spades}picas{} de la mano / da multi {X:mult,C:white}X#1#{}
S	.descriptions.Joker.j_vampire.name	Vampiro
A	.descriptions.Joker.j_vampire.text	{C:Drain}Drena{} las {c:attention}mejoras{} de las cartas que anotan / y gana multi {X:mult,C:white}x#1#{} / por cada {c:attention}mejora{} drenada / {C:inactive}(Actual: multi {X:mult,C:white}x#2#{C:inactive})
S	.descriptions.Other.blockbuster_valmanip_boost.name	Valores potenciados
A	.descriptions.Other.blockbuster_valmanip_boost.text	Los valores se han / potenciado {C:legendary}x#1#{}
S	.descriptions.Other.bust_econ.name	Bancarrota
A	.descriptions.Other.bust_econ.text	Deja tu {C:money}dinero / en {C:money}$0
S	.descriptions.Other.compat_standard_grabbag.name	Bolsa sorpresa
A	.descriptions.Other.compat_standard_grabbag.text	Probando esto / para Bolsa sorpresa
S	.descriptions.Other.compat_standard_none.name	Incompatible
A	.descriptions.Other.compat_standard_none.text	Esta carta no se ve / afectada por la / manipulación de valores
S	.descriptions.Other.compat_standard_vanilla_base.name	Original
A	.descriptions.Other.compat_standard_vanilla_base.text	Esta carta usa / la manipulación de valores / original
S	.descriptions.Other.compat_standard_vanilla_chips.name	Original (comodín de fichas)
A	.descriptions.Other.compat_standard_vanilla_chips.text	Esta carta usa / la manipulación de valores / original
S	.descriptions.Other.genre_1.name	Género
A	.descriptions.Other.genre_1.text	{X:#1#,C:white}#1#{}
S	.descriptions.Other.genre_2.name	Géneros
A	.descriptions.Other.genre_2.text	{X:#1#,C:white}#1# / {X:#2#,C:white}#2#
S	.descriptions.Other.genre_3.name	Géneros
A	.descriptions.Other.genre_3.text	{X:#1#,C:white}#1# / {X:#2#,C:white}#2# / {X:#3#,C:white}#3#
S	.descriptions.Other.gloss_active.name	Activo
A	.descriptions.Other.gloss_active.text	Los comodines activos tienen / habilidades especiales / si están en el / {C:attention}primer espacio de comodín{}
S	.descriptions.Other.gloss_jump_scare.name	Susto
A	.descriptions.Other.gloss_jump_scare.text	Da {X:mult,C:white}X#1#{} y / pone 2 {C:red}contadores de aturdimiento{} / en la carta
S	.descriptions.Other.gloss_least_played.name	Menos jugada
A	.descriptions.Other.gloss_least_played.text	Una mano de póker debe / haberse jugado para / considerarse tu / mano menos jugada
S	.descriptions.Other.gloss_quick.name	Rápido
A	.descriptions.Other.gloss_quick.text	La potencia del efecto / baja a 0 en un / plazo de #1# segundos
S	.descriptions.Other.gloss_spellcasting.name	Hechicería
A	.descriptions.Other.gloss_spellcasting.text	Los {C:Magic}hechizos{} son efectos / creados por algunos comodines / y por la {C:attention}mejora de fantasía{} / Los hechizos se pueden lanzar / con 4 niveles de poder /   / {C:inactive,s:0.7}Pulsa «s» para ver los hechizos
S	.descriptions.Other.gloss_steal.name	Robo
A	.descriptions.Other.gloss_steal.text	El dinero ganado con / efectos de {C:attention}robo / o con mejoras de {C:attention}crimen / se considera {C:attention}robado / {C:inactive}(Actual: {C:money}$#2# {C:inactive} robados)
S	.descriptions.Other.keyword_abduct.name	Abducir
A	.descriptions.Other.keyword_abduct.text	Guarda la carta {C:Alien}abducida / en este comodín / Al derrotar una {C:attention}ciega jefe{}, / las cartas {C:Alien}abducidas{} se {C:attention}liberan
S	.descriptions.Other.keyword_drain.name	Drenar
A	.descriptions.Other.keyword_drain.text	{C:Drain}Quita{} la {C:attention}cualidad{} indicada / de una carta, o la debilita si coincide
S	.descriptions.Other.keyword_temporary_hand_size.name	Tamaño de mano temporal
A	.descriptions.Other.keyword_temporary_hand_size.text	El tamaño de mano temporal desaparece / al jugar una mano
S	.descriptions.Other.kino_abductionInfo.name	Cartas abducidas
A	.descriptions.Other.kino_abductionInfo.text	{C:Alien}Abducidas ahora: #1#
S	.descriptions.Other.kino_actor_synergy.name	Sinergia de actores
A	.descriptions.Other.kino_actor_synergy.text	Tiene un aumento de poder por / compartir {C:attention}#1# actor(es) / con al menos otros 2 / comodines de película
S	.descriptions.Other.kino_additional_genres.name	Géneros adicionales
A	.descriptions.Other.kino_adventure_seal.text	Gana valor por cada / carta que anota junto / con esta carta / Gana dinero igual / al valor cuando esta carta / se destruye / {C:inactive}(Actual: {C:money}$#1#{C:inactive} de valor)
A	.descriptions.Other.kino_award.text	Duplica el {C:Power}poder / del {C:attention}comodín
A	.descriptions.Other.kino_award_cryptid.text	Duplica el {C:Power}poder / del {C:attention}comodín
A	.descriptions.Other.kino_cheese_seal.text	Crea una {C:Confection}golosina / cuando una mano jugada contiene / un sello de queso que anota
S	.descriptions.Other.kino_choco.name	Choco
A	.descriptions.Other.kino_choco.text	Aumenta la potencia / de esta {C:Confection}golosina
A	.descriptions.Other.kino_comedy_seal.text	Añade un {C:attention}contador de reactivación / a un comodín aleatorio / cuando es la única carta / descartada
S	.descriptions.Other.kino_debt_counter.name	Contadores de deuda
A	.descriptions.Other.kino_debt_counter.text	Pierdes tanto dinero / como contadores haya / y luego los contadores bajan / en 1
A	.descriptions.Other.kino_extra_large.text	Esta {C:Confection}golosina{} tiene / un uso adicional
A	.descriptions.Other.kino_family_seal.text	Cuando se juega y anota / esta carta, mejora todas / las demás cartas que anotan con / {C:chips}+3{} fichas por / cada palo distinto que anota
A	.descriptions.Other.kino_goldleaf.text	Gana {C:money}$1{} por cada / {C:Confection}golosina{} de pan de oro usada / cuando esta {C:Confection}golosina{} se activa
S	.descriptions.Other.kino_investment_counter.name	Contadores de inversión
A	.descriptions.Other.kino_investment_counter.text	Ganas tanto dinero / como contadores haya / y luego los contadores bajan / en 1
S	.descriptions.Other.kino_legendary_unlock.name	Condiciones de aparición
S	.descriptions.Other.kino_poison_counter.name	Contadores de veneno
A	.descriptions.Other.kino_poison_counter.text	Reduce tus fichas y tu multi / un {C:attention}5 %{} por contador / al activarse y baja / los contadores en 1
S	.descriptions.Other.kino_power_counter.name	Contadores de poder
A	.descriptions.Other.kino_power_counter.text	Esta carta tiene un / aumento del {C:attention}100 %{} / mientras tenga contadores / Quita un contador cada vez / que esta carta se activa
S	.descriptions.Other.kino_retrigger_counter.name	Contadores de reactivación
A	.descriptions.Other.kino_retrigger_counter.text	Se reactivará / una vez por cada / contador consumido
S	.descriptions.Other.kino_robin.name	Pegatina de Robin
A	.descriptions.Other.kino_robin.text	Este {C:attention}comodín{} cuenta como / {C:attention}Batman
A	.descriptions.Other.kino_scifi_card_extra_chips.text	{C:chips}#1#{} fichas por mejoras
A	.descriptions.Other.kino_scifi_card_extra_mult.text	{C:mult}#1#{} multi por mejoras
A	.descriptions.Other.kino_scifi_card_extra_xmult.text	Multi {X:mult,C:white}x#1#{} por mejoras
S	.descriptions.Other.kino_silver_sticker.name	Pegatina plateada
A	.descriptions.Other.kino_silver_sticker.text	Usaste este comodín / para ganar en el {C:attention}pozo / {C:SilverScreen}plateado
S	.descriptions.Other.kino_spilled_beans.name	Judías derramadas por toda la carta
A	.descriptions.Other.kino_spilled_beans.text	Ay, lo siento, tío, se te han / derramado judías por toda la carta / te doy unas cuantas fichas / para compensar, tío
A	.descriptions.Other.kino_sports_seal.text	Si esta carta es la única / carta jugada, aumenta en {C:attention}1 / la categoría de todas las cartas / de la mano inferiores a esta
S	.descriptions.Other.kino_stun_counter.name	Contadores de aturdimiento
A	.descriptions.Other.kino_stun_counter.text	La carta está debilitada / mientras tenga contadores / Quita 1 contador / al jugar una mano
A	.descriptions.Other.kino_thriller_seal.text	Tiene {C:green}#1# en #2#{} probabilidades / de dar un {C:Jumpscare}susto{} mientras / está en la mano
S	.descriptions.Other.kino_valuechange.name	Aumento de poder
A	.descriptions.Other.kino_valuechange.text	Poder aumentado / {C:attention}X#1#
S	.descriptions.Other.output_powerchange.name	Reducción de poder
A	.descriptions.Other.output_powerchange.text	Las bonificaciones finales de / puntuación de este comodín / se reducen X#1#
S	.descriptions.Other.p_kino_action_booster.name	Paquete de acción
A	.descriptions.Other.p_kino_action_booster.text	Elige {C:attention}#1#{} de / hasta {C:attention}#2# comodines de acción{}
S	.descriptions.Other.p_kino_actor_booster.name	Paquete de actores
A	.descriptions.Other.p_kino_actor_booster.text	Elige {C:attention}#1#{} de / hasta {C:attention}#2# comodines de película{} / que compartirán reparto con / tus comodines actuales
S	.descriptions.Other.p_kino_comedy_booster.name	Paquete de comedia
A	.descriptions.Other.p_kino_comedy_booster.text	Elige {C:attention}#1#{} de / hasta {C:attention}#2# comodines de comedia{}
S	.descriptions.Other.p_kino_fantasy_booster.name	Paquete de fantasía
A	.descriptions.Other.p_kino_fantasy_booster.text	Elige {C:attention}#1#{} de / hasta {C:attention}#2# comodines de fantasía{}
S	.descriptions.Other.p_kino_horror_booster.name	Paquete de terror
A	.descriptions.Other.p_kino_horror_booster.text	Elige {C:attention}#1#{} de / hasta {C:attention}#2# comodines de terror{}
S	.descriptions.Other.p_kino_romance_booster.name	Paquete de romance
A	.descriptions.Other.p_kino_romance_booster.text	Elige {C:attention}#1#{} de / hasta {C:attention}#2# comodines de romance{}
S	.descriptions.Other.p_kino_sci_fi_booster.name	Paquete de ciencia ficción
A	.descriptions.Other.p_kino_sci_fi_booster.text	Elige {C:attention}#1#{} de / hasta {C:attention}#2# comodines de ciencia ficción{}
S	.descriptions.Other.p_kino_snack_booster_jumbo.name	Paquete de aperitivos jumbo
A	.descriptions.Other.p_kino_snack_booster_jumbo.text	Elige {C:attention}#1#{} de / hasta {C:attention}#2# {C:Confection}golosinas{} / {C:inactive}(Debe haber espacio)
S	.descriptions.Other.p_kino_snack_booster_mega.name	Paquete de aperitivos mega
A	.descriptions.Other.p_kino_snack_booster_mega.text	Elige {C:attention}#1#{} de / hasta {C:attention}#2# {C:Confection}golosinas{} / {C:inactive}(Debe haber espacio)
S	.descriptions.Other.p_kino_snack_booster_normal.name	Paquete de aperitivos
A	.descriptions.Other.p_kino_snack_booster_normal.text	Elige {C:attention}#1#{} de / hasta {C:attention}#2# {C:Confection}golosinas{} / {C:inactive}(Debe haber espacio)
S	.descriptions.Other.undiscovered_confection.name	Sin descubrir
A	.descriptions.Other.undiscovered_confection.text	Compra o usa / esta carta en una / partida sin código / para saber qué hace
S	.descriptions.Planet.c_kino_altair.name	Altair-4
A	.descriptions.Planet.c_kino_altair.text	Mejora todas las manos con {C:chips}+#1#{} / y pon {C:attention}#2# contadores de veneno{} / en tu baraja / por cada mano jugada mientras / tienes este planeta / {C:inactive}(Actual: {C:attention}#3#{C:inactive} manos)
S	.descriptions.Planet.c_kino_arrakis.name	Arrakis
A	.descriptions.Planet.c_kino_arrakis.text	Mejora la mano menos / jugada con {X:chips,C:white}X2{} y {X:mult,C:white}X2{}
S	.descriptions.Planet.c_kino_cybertron.name	Cybertron
A	.descriptions.Planet.c_kino_cybertron.text	Mejora una mano aleatoria / con {X:mult,C:white}X#1#{} por / cada vez que se mejoró una {C:attention}carta de ciencia ficción / la última ronda / {C:inactive}(Actual: {X:mult,C:white}X#2#{C:inactive})
S	.descriptions.Planet.c_kino_death_star.name	Estrella de la Muerte
A	.descriptions.Planet.c_kino_death_star.text	Destruye un {C:attention}comodín{} aleatorio / para {C:attention}subir de nivel / todas las manos / {C:inactive}(No puede elegir el comodín de más a la izquierda)
S	.descriptions.Planet.c_kino_ego.name	Ego, el planeta viviente
A	.descriptions.Planet.c_kino_ego.text	Mejora una {C:attention}mano de póker aleatoria / con {C:chips}+#1#{} fichas / y {C:mult}+#2#{} multi / y luego {C:attention}terraforma{} otro / {C:attention}consumible{} en una versión / más fuerte de {C:attention}Ego
S	.descriptions.Planet.c_kino_krypton.name	Krypton
A	.descriptions.Planet.c_kino_krypton.text	Duplica el nivel de / tu mano más jugada / {C:green}#1# en #2#{} probabilidades de / dejarlo en 1 en su lugar / La probabilidad se duplica por cada / Krypton que hayas jugado / {C:inactive}(Actual: #3# Kryptons jugados.){}
A	.descriptions.Planet.c_kino_lv426.text	Sube de nivel tu mano más jugada / y debilita dos cartas / aleatorias de la baraja
S	.descriptions.Planet.c_kino_pandora.name	Pandora
A	.descriptions.Planet.c_kino_pandora.text	Mejora tu mano / más jugada con / {C:chips}+#1#{} fichas / por cada vez / que se ha jugado
S	.descriptions.Planet.c_kino_solaris.name	Solaris
A	.descriptions.Planet.c_kino_solaris.text.[1]	Da la vuelta y baraja todos los {C:attention}comodines / en cada ronda mientras tengas este {C:planet}planeta
A	.descriptions.Planet.c_kino_solaris.text.[2]	Por cada ronda que tuviste / este {C:planet}planeta{}, iguala el nivel de / una mano aleatoria al / de tu mano de mayor nivel / {C:inactive}(Actual: {C:attention}#1#{C:inactive} manos)
S	.descriptions.Planet.c_kino_thra.name	Thra
A	.descriptions.Planet.c_kino_thra.text	Sube de nivel una mano aleatoria / por cada {C:Magic}hechizo{} distinto lanzado / mientras tengas este {C:planet}planeta / {C:inactive}(Actual: {C:attention}#1#{C:inactive} hechizos)
S	.descriptions.Planet.c_kino_treasure_planet.name	El planeta del tesoro
A	.descriptions.Planet.c_kino_treasure_planet.text	Sube de nivel una mano aleatoria / por cada {C:money}$#1#{} gastados / mientras tengas este {C:planet}planeta / {C:inactive}(Actual: {C:money}$#2#{C:inactive} gastados / {C:inactive}para {C:attention}#3#{C:inactive} niveles)
S	.descriptions.Planet.c_kino_vulcan.name	Vulcano
A	.descriptions.Planet.c_kino_vulcan.text	Mejora todas las manos con {C:mult}+#2#{} multi / Aumenta en {C:mult}+#1#{} multi por / cada {C:mult}descarte{} restante / al final de la ronda
S	.descriptions.Playset.kino_debug_playset_1.name	Muy Jimbo
A	.descriptions.Playset.kino_debug_playset_1.text	Solo Jimbo.
S	.descriptions.Playset.kino_science_pack.name	Paquete científico
A	.descriptions.Playset.kino_science_pack.text	Contenido de temática científica / centrado en máquinas, / robots y el espacio
S	.descriptions.Playset.kino_standardsize_movies.name	Películas de tamaño estándar
A	.descriptions.Playset.kino_standardsize_movies.text	150 comodines y 8 mejoras. El Balatro clásico, / pero ahora en versión Kino
S	.descriptions.Playset.kino_vanilla_basic.name	Todo el contenido
A	.descriptions.Playset.kino_vanilla_basic.text	Todo el contenido / instalado actualmente
S	.descriptions.Rotarot.c_kino_rot_chef.name	¡El chef!
A	.descriptions.Rotarot.c_kino_rot_chef.text	Refuerza todas las {C:Confection}golosinas{}
S	.descriptions.Rotarot.c_kino_rot_demon.name	¡El demonio!
A	.descriptions.Rotarot.c_kino_rot_demon.text	Mejora {C:attention}#1# / cartas seleccionadas a / {C:attention}#2#
S	.descriptions.Rotarot.c_kino_rot_detective.name	¡El detective!
A	.descriptions.Rotarot.c_kino_rot_detective.text	Mejora {C:attention}#1# / cartas seleccionadas a / {C:attention}#2#
S	.descriptions.Rotarot.c_kino_rot_droid.name	¡El droide!
A	.descriptions.Rotarot.c_kino_rot_droid.text	Mejora {C:attention}#1# / cartas seleccionadas a / {C:attention}#2#
S	.descriptions.Rotarot.c_kino_rot_gangster.name	¡El gánster!
A	.descriptions.Rotarot.c_kino_rot_gangster.text	Mejora {C:attention}#1# / cartas seleccionadas a / {C:attention}#2#
S	.descriptions.Rotarot.c_kino_rot_investor.name	¡El inversor!
A	.descriptions.Rotarot.c_kino_rot_investor.text	Gana {C:money}$#1#{} y / añade un {C:red}contador de deuda{} / a una carta aleatoria / de tu baraja {C:attention}#2#{} veces
S	.descriptions.Rotarot.c_kino_rot_meetcute.name	¡El flechazo!
A	.descriptions.Rotarot.c_kino_rot_meetcute.text	Mejora {C:attention}#1# / cartas seleccionadas a / {C:attention}#2#
S	.descriptions.Rotarot.c_kino_rot_producer.name	¡El productor!
A	.descriptions.Rotarot.c_kino_rot_producer.text	Iguala tu dinero / a la taquilla de / un comodín de película seleccionado / dividida entre {C:money}1 millón{}
S	.descriptions.Rotarot.c_kino_rot_slasher.name	¡El asesino!
A	.descriptions.Rotarot.c_kino_rot_slasher.text	Mejora {C:attention}#1# / cartas seleccionadas a / {C:attention}#2#
S	.descriptions.Rotarot.c_kino_rot_soldier.name	¡El soldado!
A	.descriptions.Rotarot.c_kino_rot_soldier.text	Mejora {C:attention}#1# / cartas seleccionadas a / {C:attention}#2#
S	.descriptions.Rotarot.c_kino_rot_superhero.name	¡El superhéroe!
A	.descriptions.Rotarot.c_kino_rot_superhero.text	Mejora {C:attention}#1# / cartas seleccionadas a / {C:attention}#2#
S	.descriptions.Rotarot.c_kino_rot_witch.name	¡La bruja!
A	.descriptions.Rotarot.c_kino_rot_witch.text	Mejora {C:attention}#1# / cartas seleccionadas a / {C:attention}#2#
S	.descriptions.Sleeve.sleeve_kino_adventurous.name	Funda aventurera
A	.descriptions.Sleeve.sleeve_kino_adventurous.text	Los {C:attention}comodines de aventura{} son / un {C:attention}50 %{} más fuertes y {C:attention}X#1#{} más comunes / Empiezas con 2 copias de / {C:attention}Artefacto{}
A	.descriptions.Sleeve.sleeve_kino_adventurous.unlock	Supera el {C:black}pozo negro{} con / la {C:attention}baraja aventurera{}
S	.descriptions.Sleeve.sleeve_kino_alderaan.name	Funda Alderaan
A	.descriptions.Sleeve.sleeve_kino_alderaan.text	Los {C:attention}comodines de Star Wars{} son {C:attention}X#1# / más comunes / Al derrotar una {C:attention}ciega{}, / sube de nivel una mano aleatoria / por cada {C:mult}descarte{} sin usar
A	.descriptions.Sleeve.sleeve_kino_alderaan.unlock	Supera el {C:black}pozo negro{} con / la {C:attention}baraja Alderaan{}
S	.descriptions.Sleeve.sleeve_kino_alderaan_alt.name	Funda Alderaan
A	.descriptions.Sleeve.sleeve_kino_alderaan_alt.text	Los {C:attention}comodines de Star Wars{} son {C:attention}X#1# / más comunes / Al derrotar una {C:attention}ciega{}, / sube de nivel una mano aleatoria / por cada {C:mult}descarte{} sin usar / y cada {C:chips}mano{} sin usar
A	.descriptions.Sleeve.sleeve_kino_alderaan_alt.unlock	Supera el {C:black}pozo negro{} con / la {C:attention}baraja Alderaan{}
S	.descriptions.Sleeve.sleeve_kino_athletic.name	Funda atlética
A	.descriptions.Sleeve.sleeve_kino_athletic.text	Los {C:attention}comodines de deportes{} son / un {C:attention}50 %{} más fuertes y {C:attention}X#1#{} más comunes / Empiezas con 2 copias de / {C:attention}Jonrón{}
A	.descriptions.Sleeve.sleeve_kino_athletic.unlock	Supera el {C:black}pozo negro{} con / la {C:attention}baraja atlética{}
S	.descriptions.Sleeve.sleeve_kino_bacon.name	Funda Bacon
A	.descriptions.Sleeve.sleeve_kino_bacon.text	Los {C:attention}comodines de película{} son / un {C:attention}#1# %{} más fuertes si / comparten {C:attention}reparto o / {C:attention}director{} con los comodines / adyacentes
A	.descriptions.Sleeve.sleeve_kino_bacon.unlock	Supera el {C:black}pozo negro{} con / la {C:attention}baraja Bacon{}
S	.descriptions.Sleeve.sleeve_kino_bacon_alt.name	Funda Bacon
A	.descriptions.Sleeve.sleeve_kino_bacon_alt.text	Los {C:attention}comodines de película{} son / un {C:attention}#1# %{} más fuertes si / comparten {C:attention}reparto o / {C:attention}director{} con los comodines / adyacentes
A	.descriptions.Sleeve.sleeve_kino_bacon_alt.unlock	Supera el {C:black}pozo negro{} con / la {C:attention}baraja Bacon{}
S	.descriptions.Sleeve.sleeve_kino_c2n.name	Funda Cine2Nerdle
A	.descriptions.Sleeve.sleeve_kino_c2n.text	Los {C:attention}comodines{} que comparten reparto / con {C:attention}comodines{} que tienes / son {C:attention}X#1#{} más comunes
A	.descriptions.Sleeve.sleeve_kino_c2n.unlock	Supera el {C:black}pozo negro{} con / la {C:attention}baraja Cine2Nerdle{}
S	.descriptions.Sleeve.sleeve_kino_childlike.name	Funda infantil
A	.descriptions.Sleeve.sleeve_kino_childlike.text	Los {C:attention}comodines familiares{} son / un {C:attention}50 %{} más fuertes y {C:attention}X#1#{} más comunes / Empiezas con 2 copias de / {C:attention}Reunión{}
A	.descriptions.Sleeve.sleeve_kino_childlike.unlock	Supera el {C:black}pozo negro{} con / la {C:attention}baraja infantil{}
S	.descriptions.Sleeve.sleeve_kino_cosmonaut.name	Funda del cosmonauta
A	.descriptions.Sleeve.sleeve_kino_cosmonaut.text	Los {C:StrangePlanet}planetas extraños{} son {C:attention}X#1# / más comunes y {C:attention}TODOS{} los {C:planet}planetas / se pueden guardar en lugar de usarse
A	.descriptions.Sleeve.sleeve_kino_cosmonaut.unlock	Supera el {C:black}pozo negro{} con / la {C:attention}baraja del cosmonauta{}
S	.descriptions.Sleeve.sleeve_kino_cosmonaut_alt.name	Funda del cosmonauta
A	.descriptions.Sleeve.sleeve_kino_cosmonaut_alt.text	Los {C:StrangePlanet}planetas extraños{} son {C:attention}X#1# / más comunes y {C:attention}TODOS{} los {C:planet}planetas / se pueden guardar en lugar de usarse
A	.descriptions.Sleeve.sleeve_kino_cosmonaut_alt.unlock	Supera el {C:black}pozo negro{} con / la {C:attention}baraja del cosmonauta{}
S	.descriptions.Sleeve.sleeve_kino_dangerous.name	Funda peligrosa
A	.descriptions.Sleeve.sleeve_kino_dangerous.text	Los {C:attention}comodines de acción{} son / un {C:attention}50 %{} más fuertes y {C:attention}X#1#{} más comunes / Empiezas con 2 copias de / {C:attention}El soldado{}
A	.descriptions.Sleeve.sleeve_kino_dangerous.unlock	Supera el {C:black}pozo negro{} con / la {C:attention}baraja peligrosa{}
S	.descriptions.Sleeve.sleeve_kino_darkknight.name	Funda del Caballero Oscuro
A	.descriptions.Sleeve.sleeve_kino_darkknight.text	Los {C:attention}comodines de Batman{} son {C:attention}X#1#{} / más comunes / {C:green}1 en 4{} probabilidades de que los {C:attention}comodines / tengan una {C:attention}pegatina de Robin
A	.descriptions.Sleeve.sleeve_kino_darkknight.unlock	Supera el {C:black}pozo negro{} con / la {C:attention}baraja del Caballero Oscuro{}
S	.descriptions.Sleeve.sleeve_kino_darkknight_alt.name	Funda del Caballero Oscuro
A	.descriptions.Sleeve.sleeve_kino_darkknight_alt.text	Los {C:attention}comodines de Batman{} son {C:attention}X#1#{} / más comunes / {C:green}1 en 4{} probabilidades de que los {C:attention}comodines / tengan una {C:attention}pegatina de Robin
A	.descriptions.Sleeve.sleeve_kino_darkknight_alt.unlock	Supera el {C:black}pozo negro{} con / la {C:attention}baraja del Caballero Oscuro{}
S	.descriptions.Sleeve.sleeve_kino_deckthatmakesyouold.name	Funda que te hace viejo
A	.descriptions.Sleeve.sleeve_kino_deckthatmakesyouold.text	Cuando una carta anota, / aumenta la categoría / de todas las cartas en la mano / que compartan su palo
A	.descriptions.Sleeve.sleeve_kino_deckthatmakesyouold.unlock	Supera el {C:black}pozo negro{} con / la {C:attention}baraja que te hace viejo{}
S	.descriptions.Sleeve.sleeve_kino_deckthatmakesyouold_alt.name	Funda que te hace viejo
A	.descriptions.Sleeve.sleeve_kino_deckthatmakesyouold_alt.text	Cuando una carta anota, / aumenta la categoría / de todas las cartas / de la mano
A	.descriptions.Sleeve.sleeve_kino_deckthatmakesyouold_alt.unlock	Supera el {C:black}pozo negro{} con / la {C:attention}baraja que te hace viejo{}
S	.descriptions.Sleeve.sleeve_kino_empowered.name	Funda potenciada
A	.descriptions.Sleeve.sleeve_kino_empowered.text	Las {C:attention}cartas de figura{} de cada / palo empiezan con la misma / {C:attention}mejora{} aleatoria
A	.descriptions.Sleeve.sleeve_kino_empowered.unlock	Supera el {C:black}pozo negro{} con / la {C:attention}baraja potenciada{}
S	.descriptions.Sleeve.sleeve_kino_empowered_alt.name	Funda potenciada
A	.descriptions.Sleeve.sleeve_kino_empowered_alt.text	Todas las {C:attention}cartas{} de cada / palo empiezan con la misma / {C:attention}mejora{} aleatoria
A	.descriptions.Sleeve.sleeve_kino_empowered_alt.unlock	Supera el {C:black}pozo negro{} con / la {C:attention}baraja potenciada{}
S	.descriptions.Sleeve.sleeve_kino_enchanted.name	Funda encantada
A	.descriptions.Sleeve.sleeve_kino_enchanted.text	Los {C:attention}comodines de fantasía{} son / un {C:attention}50 %{} más fuertes y {C:attention}X#1#{} más comunes / Empiezas con 2 copias de / {C:attention}La bruja{}
A	.descriptions.Sleeve.sleeve_kino_enchanted.unlock	Supera el {C:black}pozo negro{} con / la {C:attention}baraja encantada{}
S	.descriptions.Sleeve.sleeve_kino_flirty.name	Funda coqueta
A	.descriptions.Sleeve.sleeve_kino_flirty.text	Los {C:attention}comodines de romance{} son / un {C:attention}50 %{} más fuertes y {C:attention}X#1#{} más comunes / Empiezas con 2 copias de / {C:attention}El flechazo{}
A	.descriptions.Sleeve.sleeve_kino_flirty.unlock	Supera el {C:black}pozo negro{} con / la {C:attention}baraja coqueta{}
S	.descriptions.Sleeve.sleeve_kino_funny.name	Funda divertida
A	.descriptions.Sleeve.sleeve_kino_funny.text	Los {C:attention}comodines de comedia{} son / un {C:attention}50 %{} más fuertes y {C:attention}X#1#{} más comunes / Empiezas con 2 copias de / {C:attention}Capricho{}
A	.descriptions.Sleeve.sleeve_kino_funny.unlock	Supera el {C:black}pozo negro{} con / la {C:attention}baraja divertida{}
S	.descriptions.Sleeve.sleeve_kino_heroic.name	Funda heroica
A	.descriptions.Sleeve.sleeve_kino_heroic.text	Los {C:attention}comodines de superhéroes{} son / un {C:attention}50 %{} más fuertes y {C:attention}X#1#{} más comunes / Empiezas con 2 copias de / {C:attention}El superhéroe{}
A	.descriptions.Sleeve.sleeve_kino_heroic.unlock	Supera el {C:black}pozo negro{} con / la {C:attention}baraja heroica{}
S	.descriptions.Sleeve.sleeve_kino_highpressure.name	Funda de alta tensión
A	.descriptions.Sleeve.sleeve_kino_highpressure.text	Los {C:attention}comodines de suspense{} son / un {C:attention}50 %{} más fuertes y {C:attention}X#1#{} más comunes / Empiezas con 2 copias de / {C:attention}Susto{}
A	.descriptions.Sleeve.sleeve_kino_highpressure.unlock	Supera el {C:black}pozo negro{} con / la {C:attention}baraja de alta tensión{}
S	.descriptions.Sleeve.sleeve_kino_illicit.name	Funda ilícita
A	.descriptions.Sleeve.sleeve_kino_illicit.text	Los {C:attention}comodines de crimen{} son / un {C:attention}50 %{} más fuertes y {C:attention}X#1#{} más comunes / Empiezas con 2 copias de / {C:attention}El gánster{}
A	.descriptions.Sleeve.sleeve_kino_illicit.unlock	Supera el {C:black}pozo negro{} con / la {C:attention}baraja ilícita{}
S	.descriptions.Sleeve.sleeve_kino_investment.name	Funda de inversión
A	.descriptions.Sleeve.sleeve_kino_investment.text	No ganas dinero con / las ciegas ni con intereses / Al derrotar una ciega, / pon un {C:green}contador de dinero / en {C:attention}10{} cartas aleatorias / de tu baraja
A	.descriptions.Sleeve.sleeve_kino_investment.unlock	Supera el {C:black}pozo negro{} con / la {C:attention}baraja de inversión{}
S	.descriptions.Sleeve.sleeve_kino_investment_alt.name	Funda de inversión
A	.descriptions.Sleeve.sleeve_kino_investment_alt.text	No ganas dinero con / las ciegas ni con intereses / Al derrotar una ciega, / pon un {C:green}contador de dinero / en todas las cartas de tu baraja
A	.descriptions.Sleeve.sleeve_kino_investment_alt.unlock	Supera el {C:black}pozo negro{} con / la {C:attention}baraja de inversión{}
S	.descriptions.Sleeve.sleeve_kino_kinoween_pumpkin.name	Funda truco o trato
A	.descriptions.Sleeve.sleeve_kino_kinoween_pumpkin.text	Llena los espacios de consumibles vacíos / con {C:Confection,T:c_kino_candycorn}maíz dulce / al seleccionar la {C:attention}ciega{}
S	.descriptions.Sleeve.sleeve_kino_kinoween_pumpkin_alt.name	Funda truco o trato
A	.descriptions.Sleeve.sleeve_kino_kinoween_pumpkin_alt.text	Llena los espacios de consumibles vacíos / con {C:Confection,T:c_kino_candycorn}maíz dulce, / con {C:green}alta probabilidad{} de golosinas extra, / al seleccionar la {C:attention}ciega{}
S	.descriptions.Sleeve.sleeve_kino_kinoween_vampire.name	Funda sed de sangre
A	.descriptions.Sleeve.sleeve_kino_kinoween_vampire.text	Los {C:Drain}comodines vampiro{} son {C:attention}X#1# / más comunes / Pon {C:attention}#2#{C:Drain} contadores de sangre{} / en tu baraja al seleccionar la {C:attention}ciega{}
S	.descriptions.Sleeve.sleeve_kino_kinoween_vampire_alt.name	Funda sed de sangre
A	.descriptions.Sleeve.sleeve_kino_kinoween_vampire_alt.text	Los {C:Drain}comodines vampiro{} son {C:attention}X#1# / más comunes / Pon {C:attention}#2#{C:Drain} contadores de sangre{} / en tu baraja al seleccionar la {C:attention}ciega{}
S	.descriptions.Sleeve.sleeve_kino_northernlion.name	Funda huevo
A	.descriptions.Sleeve.sleeve_kino_northernlion.text	{C:inactive,E:1}¡Eso es un {C:Romance,E:1}romance! / {C:inactive,E:1}¡ligan en la escena 19! / Los {C:attention}comodines de película{} siempre cuentan / como {C:Romance}comodines de romance{}
A	.descriptions.Sleeve.sleeve_kino_northernlion.unlock	Supera el {C:black}pozo negro{} con / la {C:attention}baraja huevo{}
S	.descriptions.Sleeve.sleeve_kino_producer.name	Funda del productor
A	.descriptions.Sleeve.sleeve_kino_producer.text	No ganas dinero con / las ciegas ni con intereses / Tras derrotar a una {C:attention}ciega jefe{}, / cada {C:attention}comodín de película{} paga / según su {C:attention}margen de beneficio
A	.descriptions.Sleeve.sleeve_kino_producer.unlock	Supera el {C:black}pozo negro{} con / la {C:attention}baraja del productor{}
S	.descriptions.Sleeve.sleeve_kino_producer_alt.name	Funda del productor
A	.descriptions.Sleeve.sleeve_kino_producer_alt.text	No ganas dinero con / las ciegas ni con intereses / Tras derrotar una {C:attention}ciega{}, / cada {C:attention}comodín de película{} paga / según su {C:attention}margen de beneficio
A	.descriptions.Sleeve.sleeve_kino_producer_alt.unlock	Supera el {C:black}pozo negro{} con / la {C:attention}baraja del productor{}
S	.descriptions.Sleeve.sleeve_kino_questionable.name	Funda dudosa
A	.descriptions.Sleeve.sleeve_kino_questionable.text	Los {C:attention}comodines de misterio{} son / un {C:attention}50 %{} más fuertes y {C:attention}X#1#{} más comunes / Empiezas con 2 copias de / {C:attention}El detective{}
A	.descriptions.Sleeve.sleeve_kino_questionable.unlock	Supera el {C:black}pozo negro{} con / la {C:attention}baraja dudosa{}
S	.descriptions.Sleeve.sleeve_kino_snackdeck.name	Funda de aperitivos
A	.descriptions.Sleeve.sleeve_kino_snackdeck.text	Empiezas la partida con los / vales {C:attention}Delicias especiales{} y / {C:attention}Bolsa de aperitivos{}
A	.descriptions.Sleeve.sleeve_kino_snackdeck.unlock	Supera el {C:black}pozo negro{} con / la {C:attention}baraja de aperitivos{}
S	.descriptions.Sleeve.sleeve_kino_snackdeck_cryptid.name	Funda de aperitivos
A	.descriptions.Sleeve.sleeve_kino_snackdeck_cryptid.text	Empiezas la partida con los vales / {C:attention}Delicias especiales{}, {C:attention}Bolsa de aperitivos{} / y {C:attention}Delicias celestiales{}
A	.descriptions.Sleeve.sleeve_kino_snackdeck_cryptid.unlock	Supera el {C:black}pozo negro{} con / la {C:attention}baraja de aperitivos{}
S	.descriptions.Sleeve.sleeve_kino_spellslinger.name	Funda del lanzahechizos
A	.descriptions.Sleeve.sleeve_kino_spellslinger.text	Al jugar una mano, la primera carta / que anota lanza un hechizo según / las tres primeras cartas / de la mano
A	.descriptions.Sleeve.sleeve_kino_spellslinger.unlock	Supera el {C:black}pozo negro{} con / la {C:attention}baraja del lanzahechizos{}
S	.descriptions.Sleeve.sleeve_kino_spellslinger_alt.name	Funda del lanzahechizos
A	.descriptions.Sleeve.sleeve_kino_spellslinger_alt.text	Al jugar una mano, la última carta / que anota lanza un hechizo según / las tres últimas cartas / de la mano
A	.descriptions.Sleeve.sleeve_kino_spellslinger_alt.unlock	Supera el {C:black}pozo negro{} con / la {C:attention}baraja del lanzahechizos{}
S	.descriptions.Sleeve.sleeve_kino_spooky.name	Funda escalofriante
A	.descriptions.Sleeve.sleeve_kino_spooky.text	Los {C:attention}comodines de terror{} son / un {C:attention}50 %{} más fuertes y {C:attention}X#1#{} más comunes / Empiezas con {C:attention}El asesino{} / y {C:attention}El demonio
A	.descriptions.Sleeve.sleeve_kino_spooky.unlock	Supera el {C:black}pozo negro{} con / la {C:attention}baraja escalofriante{}
S	.descriptions.Sleeve.sleeve_kino_tech.name	Funda_t3cnológica
A	.descriptions.Sleeve.sleeve_kino_tech.text	Los {C:attention}comodines de ciencia ficción{} son / un {C:attention}50 %{} más fuertes y {C:attention}X#1#{} más comunes / Empiezas con 2 copias de / {C:attention}El droide{}
A	.descriptions.Sleeve.sleeve_kino_tech.unlock	Supera el {C:black}pozo negro{} con / la {C:attention}b4raja_t3cnológica{}
S	.descriptions.Sleeve.sleeve_kino_trophydeck.name	Funda del ganador
A	.descriptions.Sleeve.sleeve_kino_trophydeck.text	Empiezas la partida con los / vales {C:attention}Cebo para premios{} / y {C:attention}Gala de premios{}
A	.descriptions.Sleeve.sleeve_kino_trophydeck.unlock	Supera el {C:black}pozo negro{} con / la {C:attention}baraja del ganador{}
S	.descriptions.Sleeve.sleeve_kino_trophydeck_cryptid.name	Funda del ganador
A	.descriptions.Sleeve.sleeve_kino_trophydeck_cryptid.text	Empiezas la partida con los vales / {C:attention}Cebo para premios{}, {C:attention}Gala de premios{} / y {C:attention}Ganador del EGOT{}
A	.descriptions.Sleeve.sleeve_kino_trophydeck_cryptid.unlock	Supera el {C:black}pozo negro{} con / la {C:attention}baraja del ganador{}
S	.descriptions.Sleeve.sleeve_kino_videostore.name	Funda videoclub
A	.descriptions.Sleeve.sleeve_kino_videostore.text	Los {C:attention}comodines de película{} y los / {C:attention}consumibles de película{} son / el {C:attention}doble{} de comunes
S	.descriptions.Sleeve.sleeve_kino_videostore_alt.name	Funda videoclub
A	.descriptions.Sleeve.sleeve_kino_videostore_alt.text	Los {C:attention}comodines de película{} y los / {C:attention}consumibles de película{} son / {C:attention}cuatro veces{} más comunes
S	.descriptions.Spectral.c_kino_ambrosia.name	Ambrosía
A	.descriptions.Spectral.c_kino_ambrosia.text	Añade un {C:red}sello de queso{} / a {C:attention}1{} carta seleccionada / de tu mano
S	.descriptions.Spectral.c_kino_artifact.name	Artefacto
A	.descriptions.Spectral.c_kino_artifact.text	Añade un {C:red}sello de aventura{} / a {C:attention}1{} carta seleccionada / de tu mano
S	.descriptions.Spectral.c_kino_award.name	Premio
A	.descriptions.Spectral.c_kino_award.text	Entrega un premio a un {C:attention}comodín{} / que le da un {C:Power}100 %{} de poder / {C:inactive}(Cada comodín solo puede premiarse una vez) / {s:0.5, C:inactive}El comodín debe ser compatible
S	.descriptions.Spectral.c_kino_award_cryptid.name	Premio
A	.descriptions.Spectral.c_kino_award_cryptid.text	Entrega un premio a cualquier {C:attention}comodín{} / que duplica sus estadísticas / {C:inactive}(Cada comodín solo puede premiarse una vez)
S	.descriptions.Spectral.c_kino_fright.name	Susto
A	.descriptions.Spectral.c_kino_fright.text	Añade un {C:red}sello de suspense{} / a {C:attention}3{} cartas seleccionadas / de tu mano
S	.descriptions.Spectral.c_kino_gathering.name	Reunión
A	.descriptions.Spectral.c_kino_gathering.text	Añade un {C:red}sello familiar{} / a {C:attention}1{} carta seleccionada / de tu mano
S	.descriptions.Spectral.c_kino_homerun.name	Jonrón
A	.descriptions.Spectral.c_kino_homerun.text	Añade un {C:red}sello deportivo{} / a {C:attention}1{} carta seleccionada / de tu mano
S	.descriptions.Spectral.c_kino_ratatouille.name	Ratatouille
A	.descriptions.Spectral.c_kino_ratatouille.text	{C:attention}Aumenta{} permanentemente / el valor de todas / las {C:Confection}golosinas{} en {C:attention}#1#
S	.descriptions.Spectral.c_kino_whimsy.name	Capricho
A	.descriptions.Spectral.c_kino_whimsy.text	Añade un {C:red}sello de comedia{} / a {C:attention}1{} carta seleccionada / de tu mano
S	.descriptions.Spell.spell_Clubs_Clubs.name	Doble trébol
A	.descriptions.Spell.spell_Clubs_Clubs.text	Da {C:chips}+#1#{} fichas
S	.descriptions.Spell.spell_Clubs_Spades.name	Trébol y pica
A	.descriptions.Spell.spell_Clubs_Spades.text	Mejora una carta aleatoria / de la mano con {C:chips}+#1#{} fichas
S	.descriptions.Spell.spell_Diamonds_Clubs.name	Diamante y trébol
A	.descriptions.Spell.spell_Diamonds_Clubs.text	Da {X:chips,C:white}X#1#{}
S	.descriptions.Spell.spell_Diamonds_Diamonds.name	Doble diamante
A	.descriptions.Spell.spell_Diamonds_Diamonds.text	Gana {C:money}$#1#
S	.descriptions.Spell.spell_Diamonds_Spades.name	Diamante y pica
A	.descriptions.Spell.spell_Diamonds_Spades.text	Crea {C:attention}#1#{} / {C:inactive}(Debe haber espacio)
S	.descriptions.Spell.spell_EyeOfAgamoto.name	El Ojo de Agamotto
A	.descriptions.Spell.spell_EyeOfAgamoto.text	Ganas {C:chips}2 manos{}
S	.descriptions.Spell.spell_Hearts_Clubs.name	Trébol de corazón
A	.descriptions.Spell.spell_Hearts_Clubs.text	Da {C:mult}+#1#{} multi y / {C:chips}+#2#{} fichas
S	.descriptions.Spell.spell_Hearts_Diamonds.name	Corazón de diamante
A	.descriptions.Spell.spell_Hearts_Diamonds.text	Da {X:mult,C:white}X#1#{}
S	.descriptions.Spell.spell_Hearts_Hearts.name	Doble corazón
A	.descriptions.Spell.spell_Hearts_Hearts.text	Da {C:mult}+#1#{} multi
S	.descriptions.Spell.spell_Hearts_Spades.name	Corazón y pica
A	.descriptions.Spell.spell_Hearts_Spades.text	Mejora una carta aleatoria / de la mano con {C:mult}+#1#{} multi
S	.descriptions.Spell.spell_None_None.name	Sin hechizo
A	.descriptions.Spell.spell_None_None.text	No se lanzará ningún / hechizo según / estas cartas
S	.descriptions.Spell.spell_Spades_Spades.name	Doble pica
A	.descriptions.Spell.spell_Spades_Spades.text	Reduce la {C:attention}ciega / un {C:attention}#1# %
S	.descriptions.Spell.spell_Wild_Clubs.name	Tréboles salvajes
A	.descriptions.Spell.spell_Wild_Clubs.text	Lanza un hechizo / aleatorio de {C:clubs}tréboles{} / de nivel {C:legendary}#1#{}
S	.descriptions.Spell.spell_Wild_Diamonds.name	Diamantes salvajes
A	.descriptions.Spell.spell_Wild_Diamonds.text	Lanza un hechizo / aleatorio de {C:diamonds}diamantes{} / de nivel {C:legendary}#1#{}
S	.descriptions.Spell.spell_Wild_Hearts.name	Corazones salvajes
A	.descriptions.Spell.spell_Wild_Hearts.text	Lanza un hechizo / aleatorio de {C:hearts}corazones{} / de nivel {C:legendary}#1#{}
S	.descriptions.Spell.spell_Wild_Spades.name	Picas salvajes
A	.descriptions.Spell.spell_Wild_Spades.text	Lanza un hechizo / aleatorio de {C:spades}picas{} / de nivel {C:legendary}#1#{}
S	.descriptions.Spell.spell_Wild_Wild.name	Magia salvaje
A	.descriptions.Spell.spell_Wild_Wild.text	Lanza un hechizo aleatorio / de nivel {C:legendary}#1#{}
S	.descriptions.Spell.spell_kino_evil_Clubs.name	Trébol oscuro
A	.descriptions.Spell.spell_kino_evil_Clubs.text	Fichas {X:chips,C:white}X#1#{}
S	.descriptions.Spell.spell_kino_evil_Diamonds.name	Diamante oscuro
A	.descriptions.Spell.spell_kino_evil_Diamonds.text	Pierdes el {X:money,C:white}#1# %{} de tu {C:money}dinero
S	.descriptions.Spell.spell_kino_evil_Hearts.name	Corazón oscuro
A	.descriptions.Spell.spell_kino_evil_Hearts.text	Multi {X:mult,C:white}X#1#{}
S	.descriptions.Spell.spell_kino_evil_Spades.name	Pica oscura
A	.descriptions.Spell.spell_kino_evil_Spades.text	Aumenta el requisito de la {C:attention}ciega{} / un {C:attention}#1# %{}
S	.descriptions.Spell.spell_kino_evil_Wild.name	Salvaje oscuro
A	.descriptions.Spell.spell_kino_evil_Wild.text	Lanza un hechizo / {C:attention}MALVADO{} aleatorio
S	.descriptions.Stake.stake_kino_silver.name	Pozo plateado
A	.descriptions.Stake.stake_kino_silver.text	Derrota la {C:attention}carrera de jefes de la apuesta inicial 8 / para ver los {C:attention,E:1}créditos{} / (Los créditos aún no están implementados)
S	.descriptions.Tag.tag_kino_counter.name	Etiqueta de contadores
A	.descriptions.Tag.tag_kino_counter.text	Añade {C:attention}3 {C:green}contadores de dinero / a {C:attention}5{} cartas aleatorias / de tu baraja
S	.descriptions.Tag.tag_kino_dinner.name	Etiqueta de cena
A	.descriptions.Tag.tag_kino_dinner.text	Mejora todas las / {C:Confection}golosinas{} futuras con / {C:attention}+1{} a sus valores
S	.descriptions.Tag.tag_kino_oscar.name	Etiqueta Óscar
A	.descriptions.Tag.tag_kino_oscar.text	Mejora un {C:attention}comodín / con un {C:money}premio
S	.descriptions.Tag.tag_kino_snacktag.name	Etiqueta de aperitivo
A	.descriptions.Tag.tag_kino_snacktag.text	Da un {C:tarot}paquete de aperitivos mega / gratis
S	.descriptions.Tag.tag_kino_trickortreat_1.name	Etiqueta truco o trato
A	.descriptions.Tag.tag_kino_trickortreat_1.text	O bien ganas / {C:attention}1{} {C:Confection}golosina / {X:dark_edition,C:white}negativa{} / o bien {C:Horror}embrujas{} tu baraja
S	.descriptions.Tag.tag_kino_trickortreat_2.name	Etiqueta truco o trato
A	.descriptions.Tag.tag_kino_trickortreat_2.text	O bien ganas / {C:attention}3{} {C:Confection}golosinas / {X:dark_edition,C:white}negativas{} / o bien {C:Horror}embrujas{} tu baraja
S	.descriptions.Tag.tag_kino_trickortreat_3.name	Etiqueta truco o trato
A	.descriptions.Tag.tag_kino_trickortreat_3.text	O bien ganas / {C:attention}5{} {C:Confection}golosinas / {X:dark_edition,C:white}negativas{} / o bien {C:Horror}embrujas{} tu baraja
S	.descriptions.Tarot.c_kino_chef.name	El chef
A	.descriptions.Tarot.c_kino_chef.text	Crea hasta {C:attention}#1# / cartas de {C:Confection}golosina{} aleatorias / {C:inactive}(Debe haber espacio)
S	.descriptions.Tarot.c_kino_demon.name	El demonio
A	.descriptions.Tarot.c_kino_demon.text	Convierte #1# carta en / {C:attention}carta demoníaca{}
S	.descriptions.Tarot.c_kino_detective.name	El detective
A	.descriptions.Tarot.c_kino_detective.text	Convierte #1# cartas en / {C:attention}cartas de misterio{}
S	.descriptions.Tarot.c_kino_droid.name	El droide
A	.descriptions.Tarot.c_kino_droid.text	Convierte #1# cartas en / {C:attention}cartas de ciencia ficción{}
S	.descriptions.Tarot.c_kino_gangster.name	El gánster
A	.descriptions.Tarot.c_kino_gangster.text	Convierte #1# cartas en / {C:attention}cartas de crimen{}
S	.descriptions.Tarot.c_kino_investor.name	El inversor
A	.descriptions.Tarot.c_kino_investor.text	Añade un {C:green}contador de dinero{} / a una carta aleatoria / de tu baraja {C:attention}#1#{} veces
S	.descriptions.Tarot.c_kino_investor_debug.name	Inversor DEPURACIÓN
A	.descriptions.Tarot.c_kino_investor_debug.text	CARTA DE DEPURACIÓN: NO DEBERÍA APARECER NUNCA
S	.descriptions.Tarot.c_kino_meetcute.name	El flechazo
A	.descriptions.Tarot.c_kino_meetcute.text	Convierte #1# cartas en / {C:attention}cartas de romance{}
S	.descriptions.Tarot.c_kino_producer.name	El productor
A	.descriptions.Tarot.c_kino_producer.text	Invierte {C:money}$#2#{} en el / {C:attention}comodín de película{} seleccionado / y recibe un posible {C:money}beneficio / según su éxito / {C:inactive}(Máx. {C:money}$#1#{C:inactive}) / {s:0.5,C:inactive}Pulsa «k» sobre los comodines / {s:0.5,C:inactive}de Kino para más información
S	.descriptions.Tarot.c_kino_slasher.name	El asesino
A	.descriptions.Tarot.c_kino_slasher.text	Convierte #1# cartas en / {C:attention}cartas de terror{}
S	.descriptions.Tarot.c_kino_soldier.name	El soldado
A	.descriptions.Tarot.c_kino_soldier.text	Convierte #1# cartas en / {C:attention}cartas de acción{}
S	.descriptions.Tarot.c_kino_superhero.name	El superhéroe
A	.descriptions.Tarot.c_kino_superhero.text	Convierte #1# carta en / {C:attention}carta de superhéroe{}
S	.descriptions.Tarot.c_kino_witch.name	La bruja
A	.descriptions.Tarot.c_kino_witch.text	Convierte #1# carta en / {C:attention}carta de fantasía{}
S	.descriptions.Unique.c_kino_bullets.name	Balas
A	.descriptions.Unique.c_kino_bullets.text	Carga {C:Bullet}balas{} en {C:attention}cartas de juego{} / para que se reactiven / al anotar, / o en {C:attention}comodines{} compatibles / para {C:Bullet}cargarlos / {C:inactive}(Actual: {C:attention}#1#{C:inactive}/{C:attention}24{C:inactive} balas)
S	.descriptions.Voucher.v_kino_awardsbait.name	Cebo para premios
A	.descriptions.Voucher.v_kino_awardsbait.text	Los {C:attention}comodines de película{} tienen / {C:green}1 en 100{} probabilidades / de aparecer con un {C:money}premio
S	.descriptions.Voucher.v_kino_awardsshow.name	Gala de premios
A	.descriptions.Voucher.v_kino_awardsshow.text	Un {C:attention}comodín de película{} aleatorio / sin premio gana / un {C:money}premio{} al / derrotar a una / {C:attention}ciega jefe
A	.descriptions.Voucher.v_kino_awardsshow.unlock	Entrega {C:attention}5{} premios / {C:inactive}(#1#)
S	.descriptions.Voucher.v_kino_confection_acclimator.name	Aclimatador de golosinas
A	.descriptions.Voucher.v_kino_confection_acclimator.text	Las cartas de {C:Confection}golosina{} aparecen / {C:attention}X#1#{} más a menudo / en la tienda / Permite controlar la / {C:Confection}frecuencia de golosinas{} de la tienda / {C:inactive}(Consulta la {C:attention}información de la partida{C:inactive})
S	.descriptions.Voucher.v_kino_confection_merchant.name	Comerciante de golosinas
A	.descriptions.Voucher.v_kino_confection_merchant.text	Las cartas de {C:Confection}golosina{} aparecen / {C:attention}#1#X{} más a menudo / en la tienda
S	.descriptions.Voucher.v_kino_confection_tycoon.name	Magnate de las golosinas
A	.descriptions.Voucher.v_kino_confection_tycoon.text	Las cartas de {C:Confection}golosina{} aparecen / {C:attention}#1#X{} más a menudo / en la tienda
A	.descriptions.Voucher.v_kino_confection_tycoon.unlock	Compra un total de / {C:attention}#2#{} cartas de {C:Confection}golosina / en la tienda / {C:inactive}(#1#)
S	.descriptions.Voucher.v_kino_criterion_collection.name	Colección Criterion
A	.descriptions.Voucher.v_kino_criterion_collection.text	La sinergia de {C:attention}actores y géneros / necesita {C:attention}1{} comodín / menos para / activarse
A	.descriptions.Voucher.v_kino_criterion_collection.unlock	Compra {C:attention}Colección multimedia{} / {C:attention}5{} veces / {C:inactive}(#1#)
S	.descriptions.Voucher.v_kino_datacenter.name	Centro de datos
A	.descriptions.Voucher.v_kino_datacenter.text	Todas las sinergias de {C:attention}actores{} y {C:attention}géneros{} / son el {C:attention}doble{} de eficaces
S	.descriptions.Voucher.v_kino_egot.name	Ganador del EGOT
A	.descriptions.Voucher.v_kino_egot.text	Los comodines pueden recibir {C:money}premios{} / un número ilimitado de veces
S	.descriptions.Voucher.v_kino_heavenly_treats.name	Delicias celestiales
A	.descriptions.Voucher.v_kino_heavenly_treats.text	Al derrotar una ciega, / mejora la potencia de cada / {C:Confection}golosina{} un {C:attention}#2# %{}
S	.descriptions.Voucher.v_kino_media_collection.name	Colección multimedia
A	.descriptions.Voucher.v_kino_media_collection.text	La sinergia de {C:attention}actores y géneros / necesita {C:attention}1{} comodín / menos para / activarse
S	.descriptions.Voucher.v_kino_snackbag.name	Bolsa de aperitivos
A	.descriptions.Voucher.v_kino_snackbag.text	Hasta 4 {C:Confection}golosinas{} / se pueden apilar en una {C:mult}bolsa de aperitivos{}, / que ocupa solo / 1 espacio de consumible
A	.descriptions.Voucher.v_kino_snackbag.unlock	Consume {C:attention}25 {C:Confection}golosinas / con extras / {C:inactive}(#1#)
S	.descriptions.Voucher.v_kino_special_treats.name	Delicias especiales
A	.descriptions.Voucher.v_kino_special_treats.text	Las {C:Confection}golosinas{} pueden aparecer / con extras
S	.descriptions.confection.c_kino_banana.name	Plátano
A	.descriptions.confection.c_kino_banana.text	Destruye los próximos {C:attention}#1#{} comodín(es) que se activen / y los quita de la lista de aparición
S	.descriptions.confection.c_kino_beans.name	Judías en lata
A	.descriptions.confection.c_kino_beans.text	Pon {C:attention}+#1#{} contadores beneficiosos / en las próximas {C:attention}#2#{} cartas robadas
S	.descriptions.confection.c_kino_beans_spilled.name	Judías derramadas
A	.descriptions.confection.c_kino_beans_spilled.text	Pon {C:attention}+#1#{} contadores beneficiosos / en las próximas {C:attention}#2#{} cartas robadas / ¿quizá? ¿Si queda suficiente? / Joder, tío, se ha puesto todo perdido
S	.descriptions.confection.c_kino_burger.name	Hamburguesa
A	.descriptions.confection.c_kino_burger.text	Roba {C:attention}#1#{} cartas mejoradas
S	.descriptions.confection.c_kino_candy.name	Caramelos
A	.descriptions.confection.c_kino_candy.text	Gana {C:attention}+#1#{} de tamaño de mano / la próxima ronda
S	.descriptions.confection.c_kino_candycorn.name	Maíz dulce
A	.descriptions.confection.c_kino_candycorn.text	Las cartas de la mano tienen / {C:green}#1# en #2#{} probabilidades de / dar un {C:Jumpscare}susto / {C:inactive}(No se come si / {C:inactive}ninguna carta da un {C:Jumpscare}susto{C:inactive})
S	.descriptions.confection.c_kino_chips.name	Patatas chips
A	.descriptions.confection.c_kino_chips.text	Mejora todas las {C:attention}cartas de ciencia ficción / de la mano / en la próxima mano
S	.descriptions.confection.c_kino_chocolate_bar.name	Tableta de chocolate
A	.descriptions.confection.c_kino_chocolate_bar.text	Gana {C:attention}#1#{} de tamaño de mano temporal
S	.descriptions.confection.c_kino_cookie.name	Galleta
A	.descriptions.confection.c_kino_cookie.text	Gana {C:chips}+1{} / mano esta ronda
S	.descriptions.confection.c_kino_dno_nugget.name	Nugget D.N.O.
A	.descriptions.confection.c_kino_dno_nugget.text	Añade a la mano {C:attention}#1#{} copia / de la primera carta / que anota
S	.descriptions.confection.c_kino_donut.name	Dónut glaseado rosa
A	.descriptions.confection.c_kino_donut.text	Mejora todas las manos de póker / con {C:chips}+#1#{} fichas / por cada palo {C:attention}distinto{} que anota / en la próxima mano
S	.descriptions.confection.c_kino_fries.name	Patatas fritas
A	.descriptions.confection.c_kino_fries.text	Mejora la próxima carta que anota / con {C:chips}+#1#{} fichas
S	.descriptions.confection.c_kino_fruit.name	Frutas deliciosas
A	.descriptions.confection.c_kino_fruit.text	Bayas de lo más suculentas, / su {C:attention,E:1}encanto{} / es difícil de ignorar / Capaces de {C:attention,E:1}saciar cualquier hambre / {C:attention}50 %{} de aumento de poder a todos los comodines
S	.descriptions.confection.c_kino_garlic_bread.name	Pan de ajo
A	.descriptions.confection.c_kino_garlic_bread.text	Aumenta en {C:money}$#1#{} el {C:money}valor de venta / de cada {C:attention}comodín{} que tengas
S	.descriptions.confection.c_kino_gum.name	Chicle
A	.descriptions.confection.c_kino_gum.text	Gana {C:mult}+1{} / descarte esta ronda
S	.descriptions.confection.c_kino_hotdog.name	Perrito caliente
A	.descriptions.confection.c_kino_hotdog.text	Sube {C:attention}#1#{} niveles la próxima / mano de póker jugada
S	.descriptions.confection.c_kino_icecream.name	Helado
A	.descriptions.confection.c_kino_icecream.text	Mejora la próxima / mano de póker jugada con / {C:chips}+#1#{} fichas
S	.descriptions.confection.c_kino_magic_beans.name	Judías mágicas
A	.descriptions.confection.c_kino_magic_beans.text	En la próxima mano, {C:Magic}lanza un hechizo{} / según las tres primeras / cartas de la mano
A	.descriptions.confection.c_kino_mam.text	Crea {C:attention}#1#{} Comodín(es) contento(s) / {C:dark_edition}negativo(s){} por cada / pareja de la próxima mano
S	.descriptions.confection.c_kino_milkshake.name	Batido
A	.descriptions.confection.c_kino_milkshake.text	En la próxima mano, cambia el palo / de todas las cartas que anotan / al de la primera / carta que anota
S	.descriptions.confection.c_kino_mints.name	Caramelos de menta
A	.descriptions.confection.c_kino_mints.text	Durante las próximas {C:attention}#1#{} {C:chips}mano(s){} jugadas, / se gastan {C:mult}descartes{} en su lugar
S	.descriptions.confection.c_kino_monster_energy.name	Monster Energy
A	.descriptions.confection.c_kino_monster_energy.text	Reactiva un comodín / aleatorio {C:attention}#1#{} veces / en la próxima mano
S	.descriptions.confection.c_kino_nachos.name	Nachos completos
A	.descriptions.confection.c_kino_nachos.text	Da una {C:attention}mejora{}, una {C:attention}edición / y un {C:attention}sello{} aleatorios / a la próxima carta que anota
S	.descriptions.confection.c_kino_nutrition.name	Pulpa nutritiva
A	.descriptions.confection.c_kino_nutrition.text	Aumenta permanentemente el poder / del comodín de más a la izquierda / un {C:Power}#1# %{} / en la próxima mano
S	.descriptions.confection.c_kino_peanuts.name	Cacahuetes
A	.descriptions.confection.c_kino_peanuts.text	Aumenta el interés en {C:money}$#1#{} / la próxima ronda
S	.descriptions.confection.c_kino_pizza.name	Porción de pizza
A	.descriptions.confection.c_kino_pizza.text	{C:inactive}Cuatro quesos{} / La primera carta de / cada palo se reactiva / {C:attention}#1#{} veces en la próxima mano
S	.descriptions.confection.c_kino_popcorn.name	Palomitas
A	.descriptions.confection.c_kino_popcorn.text	Mejora la próxima / mano de póker jugada con / {C:mult}+#1#{} multi
S	.descriptions.confection.c_kino_snackbag.name	Bolsa de aperitivos
A	.descriptions.confection.c_kino_snackbag.text	Una bolsa llena / de {C:Confection}golosinas{} / {C:inactive}(Actual: {C:attention}#1# {C:Confection}golosinas{C:inactive})
S	.descriptions.confection.c_kino_soda.name	Refresco
A	.descriptions.confection.c_kino_soda.text	{C:attention}Reactiva{} la primera / carta que anota {C:attention}#1# veces{} / la próxima ronda
S	.descriptions.confection.c_kino_sourcandy.name	Caramelo ácido
A	.descriptions.confection.c_kino_sourcandy.text	En la próxima mano, {C:green}#1# en #2#{} probabilidades / de {C:attention}destruir{} cada carta que anota; / la probabilidad baja 1 por cada / carta adicional que anota
S	.misc.challenge_names.c_kino_bacon	Seis grados de Kevin
S	.misc.challenge_names.c_kino_bestsong	La mejor canción del mundo
S	.misc.challenge_names.c_kino_blockbuster	Videoclub Blockbuster
S	.misc.challenge_names.c_kino_chronology	Cronología
S	.misc.challenge_names.c_kino_genre_snob	Esnob del género
S	.misc.challenge_names.c_kino_genre_variety	Variedad de géneros
S	.misc.challenge_names.c_kino_harrysally	Cuando Perkeo encontró a Triboulet
S	.misc.challenge_names.c_kino_minc	Monstruos, S.A.
S	.misc.challenge_names.c_kino_slasher	Película de asesinos
S	.misc.challenge_names.c_kino_wallstreet	El Jimbo de Wall Street
S	.misc.challenge_names.c_kino_xenomorph	Invasión xenomorfa
S	.misc.challenge_names.c_kino_yeager	Cosplay de Cade Yeager
S	.misc.dictionary.actor_booster	Comodín
A	.misc.dictionary.bb_counter_tooltip	Los comodines y las cartas de juego / solo pueden tener un tipo de contador / Los contadores bajan 1 cada vez / que se activan
S	.misc.dictionary.k_action_card	¡Bang!
S	.misc.dictionary.k_arrakis	¡Lisan al-Gaib!
A	.misc.dictionary.k_barbie_quest_1	Ten un comodín de película / dirigido por una mujer
A	.misc.dictionary.k_barbie_quest_2	Ten 2 comodines de comedia / o de aventura
A	.misc.dictionary.k_barbie_quest_3	Ten un comodín de película / estrenado en los años 2020
A	.misc.dictionary.k_barbie_quest_4	Ten un comodín de película / que comparta actor
A	.misc.dictionary.k_barbie_quest_5	Ten más reinas que J / y reyes en tu baraja
A	.misc.dictionary.k_barbie_quest_6	Ten Los enamorados, La emperatriz / y Venus en tu inventario
A	.misc.dictionary.k_bb_spell_power_text	El poder del hechizo depende / de la categoría del / tercer componente del hechizo
A	.misc.dictionary.k_bb_spelltext	Los hechizos se forman con tres ingredientes: un palo principal, un palo secundario y una categoría de poder. / Un hechizo se lanza cuando se activa una carta o comodín lanzahechizos
S	.misc.dictionary.k_blind_dracula_1	Yo no bebo... vino
S	.misc.dictionary.k_blind_fabrication_machine	La máquina zumba. Tu baraja se siente I N S E G U R A
S	.misc.dictionary.k_blind_gekko_1	¡La codicia. Es. Buena!
S	.misc.dictionary.k_blind_gekko_2	Unas veces se gana y otras se pierde
S	.misc.dictionary.k_blind_joker_2	JAJAJAJAJA
S	.misc.dictionary.k_blind_joker_final	¿Por qué tan serio?
S	.misc.dictionary.k_blind_loki	Ha cambiado el palo objetivo
S	.misc.dictionary.k_blind_pazuzu_1	¿Has venido a salvar al siervo de Dios?
S	.misc.dictionary.k_blind_pazuzu_2	Qué día tan estupendo para un exorcismo
S	.misc.dictionary.k_blind_rico_dyn	Lo estás haciendo mal
S	.misc.dictionary.k_blind_smith	No, Jimbo. Tus hombres ya están muertos
S	.misc.dictionary.k_blind_vader_1	¡Ya eres mío!
S	.misc.dictionary.k_blind_vader_2	No me obligues a destruirte
S	.misc.dictionary.k_btlc	¿Has pagado lo que debes, Jack?
S	.misc.dictionary.k_chef	Aquí tienes
A	.misc.dictionary.k_citizen_kane_quest_1	Ten 2 comodines de misterio / o de drama
A	.misc.dictionary.k_citizen_kane_quest_2	Ten un comodín de película / estrenado en los años 40
A	.misc.dictionary.k_citizen_kane_quest_3	Ten un comodín de película / que comparta actor
A	.misc.dictionary.k_citizen_kane_quest_4	Ten al menos diez / cartas con mejoras distintas / en tu baraja inicial
A	.misc.dictionary.k_citizen_kane_quest_5	Ten $50 o más
A	.misc.dictionary.k_citizen_kane_quest_6	Ten El emperador, El ermitaño / y La Tierra en tu inventario
S	.misc.dictionary.k_cocktail	¡Gracias por la propina!
S	.misc.dictionary.k_contagion	Achís
S	.misc.dictionary.k_crime_card	Robado
S	.misc.dictionary.k_cruella	Esa carta dará para un buen abrigo
S	.misc.dictionary.k_drstrange	¡Por el Ojo de Agamotto!
S	.misc.dictionary.k_eaten	Devorado
S	.misc.dictionary.k_exorcist_1	El poder de Cristo te obliga
S	.misc.dictionary.k_extra_large	Le dio un mordisco
S	.misc.dictionary.k_gone_girl_female	Bien por ella
S	.misc.dictionary.k_gone_girl_male	Te han hecho un Perdida
S	.misc.dictionary.k_goodfellas_leave	¿Sin blanca, eh?
S	.misc.dictionary.k_gremlins	Bwejejeje
S	.misc.dictionary.k_guardians_2	Visitado
S	.misc.dictionary.k_hellboy	Infierno contenido
S	.misc.dictionary.k_hook	Pan-ificado
S	.misc.dictionary.k_hustle	Regate
S	.misc.dictionary.k_independence_day	¡Hoy celebramos nuestro Día de la Independencia!
A	.misc.dictionary.k_indiana_quest_1	Ten un comodín de película / dirigido por Spielberg
A	.misc.dictionary.k_indiana_quest_2	Ten 2 comodines de aventura
A	.misc.dictionary.k_indiana_quest_3	Ten un comodín de película / estrenado en los 80
A	.misc.dictionary.k_indiana_quest_4	Ten un comodín de película / que comparta actor
A	.misc.dictionary.k_indiana_quest_5	Ten 60 cartas o más / en tu baraja
A	.misc.dictionary.k_indiana_quest_6	Ten un vale Jeroglífico / o Petroglifo
S	.misc.dictionary.k_insomnia	Sin descanso
S	.misc.dictionary.k_kino_altair4	¡Monstruos del Ello!
S	.misc.dictionary.k_kino_angelic_create	Sé bendecido, hijo
S	.misc.dictionary.k_kino_annihilation	Ha cambiado...
A	.misc.dictionary.k_kino_avengers_endgame_quest_1	Ten 3 comodines de superhéroes
A	.misc.dictionary.k_kino_avengers_endgame_quest_2	Ten un comodín de película / estrenado en los años 2010
A	.misc.dictionary.k_kino_avengers_endgame_quest_3	Ten 2 comodines de película / que compartan actor
A	.misc.dictionary.k_kino_avengers_endgame_quest_4	Ten 5 o más / cartas de superhéroe en tu baraja
A	.misc.dictionary.k_kino_avengers_endgame_quest_5	Conserva la mitad o menos / de tu baraja inicial
A	.misc.dictionary.k_kino_avengers_endgame_quest_6	Ten El superhéroe, Ego / y Krypton en tu inventario
S	.misc.dictionary.k_kino_bang	¡Bang!
S	.misc.dictionary.k_kino_bartel	Los quemé...
S	.misc.dictionary.k_kino_batman_forever	Soy Batman
S	.misc.dictionary.k_kino_blessedconf	Bendita sea esta comida
S	.misc.dictionary.k_kino_blind_humungus_1	¡Matamos! ¡Matamos! ¡Matamos!
S	.misc.dictionary.k_kino_blind_immortan_1	Soy tu redentor
S	.misc.dictionary.k_kino_blind_thanos	Perfectamente equilibrado
A	.misc.dictionary.k_kino_bringing_up_baby_quest_1	Ten 2 comodines de romance / o de comedia
A	.misc.dictionary.k_kino_bringing_up_baby_quest_2	Ten un comodín de película / estrenado en los años 30
A	.misc.dictionary.k_kino_bringing_up_baby_quest_3	Ten un comodín de película / que comparta actor
A	.misc.dictionary.k_kino_bringing_up_baby_quest_4	Ten 20 cartas o más / mejoradas en tu baraja
A	.misc.dictionary.k_kino_bringing_up_baby_quest_5	Forma 5 parejas románticas o más
A	.misc.dictionary.k_kino_bringing_up_baby_quest_6	Ten Los enamorados, Venus / y un perrito caliente en tu inventario
S	.misc.dictionary.k_kino_cat_people	Miau
S	.misc.dictionary.k_kino_clubber	Me das pena, idiota
S	.misc.dictionary.k_kino_cooked	Cocinado
S	.misc.dictionary.k_kino_deadpool	¡De vuelta al principio!
S	.misc.dictionary.k_kino_dracula_stoker	Canta para mí
S	.misc.dictionary.k_kino_eating_beans_2	Uooooo
S	.misc.dictionary.k_kino_eating_beans_3	Este bufón comiendo JUDÍAS
S	.misc.dictionary.k_kino_evil_dead_1	Pronto todos seréis como yo
S	.misc.dictionary.k_kino_evilqueen	Espejito, espejito...
S	.misc.dictionary.k_kino_fast_and_furious_5	Atracado
S	.misc.dictionary.k_kino_finance_investing	¡Invirtiendo!
S	.misc.dictionary.k_kino_finance_investing_2	¡Hora de cobrar!
S	.misc.dictionary.k_kino_flatline	Piiiiiiii
S	.misc.dictionary.k_kino_forrest_gump	Corre, Forrest, corre
A	.misc.dictionary.k_kino_forrest_gump_quest_1	Ten 2 comodines de drama
A	.misc.dictionary.k_kino_forrest_gump_quest_2	Ten un comodín de película / estrenado en los años 90
A	.misc.dictionary.k_kino_forrest_gump_quest_3	Ten un comodín de película / que comparta actor
A	.misc.dictionary.k_kino_forrest_gump_quest_4	Ten 50 o más / cartas numéricas en tu baraja
A	.misc.dictionary.k_kino_forrest_gump_quest_5	Juega una escalera / al menos 10 veces
A	.misc.dictionary.k_kino_forrest_gump_quest_6	Ten una tableta de chocolate, El loco / y Saturno en tu inventario
S	.misc.dictionary.k_kino_freddy	Pesadilla
A	.misc.dictionary.k_kino_godfather_quest_1	Ten 2 comodines de crimen / o de drama
A	.misc.dictionary.k_kino_godfather_quest_2	Ten un comodín de película / estrenado en los años 70
A	.misc.dictionary.k_kino_godfather_quest_3	Ten un comodín de película / que comparta actor
A	.misc.dictionary.k_kino_godfather_quest_4	Haber robado $25 o más
A	.misc.dictionary.k_kino_godfather_quest_5	Haber destruido 5 / cartas de juego o más
A	.misc.dictionary.k_kino_godfather_quest_6	Ten El emperador, El gánster / y una porción de pizza en tu inventario
S	.misc.dictionary.k_kino_goodness_lost	¡Malo!
S	.misc.dictionary.k_kino_guardians_1	Toma ya
S	.misc.dictionary.k_kino_hardcore_henry	Clonado
S	.misc.dictionary.k_kino_james_bond_1	Agitado, no revuelto
S	.misc.dictionary.k_kino_joker_batman	¡Oh, no! ¡Es Batman!
S	.misc.dictionary.k_kino_k_kino_big_daddy	Un. Papá. Genial.
A	.misc.dictionary.k_kino_legendary_quest_tutorial	Los comodines de misión bajan de rareza / por cada condición que cumplas / a partir de la segunda
S	.misc.dictionary.k_kino_marty_supreme_1	Ping
S	.misc.dictionary.k_kino_marty_supreme_2	Pong
S	.misc.dictionary.k_kino_mask_of_the_phantasm_1	¡Batman!
S	.misc.dictionary.k_kino_mask_of_the_phantasm_2	¡Oh, no, es el Joker!
S	.misc.dictionary.k_kino_morley	Eslabón a eslabón
S	.misc.dictionary.k_kino_mortal_kombat_1	Hacen falta más jugadores
S	.misc.dictionary.k_kino_moulin_rouge	¡Más tamaño de mano!
S	.misc.dictionary.k_kino_mystery	¡Y me habría salido con la mía!
S	.misc.dictionary.k_kino_pans_labyrinth	Bien hecho, niña
S	.misc.dictionary.k_kino_paulblart_1	Bajón de azúcar :(
S	.misc.dictionary.k_kino_pirates_1	Oro pirata
S	.misc.dictionary.k_kino_ponyo	¡Ponyo!
S	.misc.dictionary.k_kino_pulp_fiction	Sobredosis
S	.misc.dictionary.k_kino_ratatouille	¡Sabores deliciosos!
S	.misc.dictionary.k_kino_rose	El resplandor
S	.misc.dictionary.k_kino_rugen	Te he drenado un año de vida
S	.misc.dictionary.k_kino_singing_in_the_rain	Qué sensación tan maravillosa
A	.misc.dictionary.k_kino_singing_in_the_rain_quest_1	Ten 2 comodines musicales / o de romance
A	.misc.dictionary.k_kino_singing_in_the_rain_quest_2	Ten un comodín de película / estrenado en los años 50
A	.misc.dictionary.k_kino_singing_in_the_rain_quest_3	Ten 2 comodines de película / que compartan actor
A	.misc.dictionary.k_kino_singing_in_the_rain_quest_4	Ten 20 contadores en / tu baraja completa
A	.misc.dictionary.k_kino_singing_in_the_rain_quest_5	Haber jugado 20 o más / cartas que no anotan
A	.misc.dictionary.k_kino_singing_in_the_rain_quest_6	Ten Los enamorados, palomitas / y Marte en tu inventario
S	.misc.dictionary.k_kino_sinners_blood	Déjame entrar para que pueda ayudar
S	.misc.dictionary.k_kino_snakes_on_a_plane	¡¿Serpientes? ¡¿En un avión?!
S	.misc.dictionary.k_kino_sportsseal_1	Entrenado
S	.misc.dictionary.k_kino_sportsseal_2	Entrenando
S	.misc.dictionary.k_kino_star_wars_i	Esto sí que es una carrera de vainas
S	.misc.dictionary.k_kino_starwars_ii	Refuerza el ejército de clones
S	.misc.dictionary.k_kino_starwars_viii	Nos vemos, chaval
S	.misc.dictionary.k_kino_superman2025_powerdown	Poder perdido
S	.misc.dictionary.k_kino_superman2025_powerup	¡Potenciado!
S	.misc.dictionary.k_kino_supervillain_enacted	¡Mi plan malvado!
S	.misc.dictionary.k_kino_supervillain_foiled	¡Alto, vil villano!
S	.misc.dictionary.k_kino_terminator_destroyed	Volveré
S	.misc.dictionary.k_kino_tmnt_1	¡Cowabunga!
S	.misc.dictionary.k_kino_waterworld	El valor se filtró hacia abajo
S	.misc.dictionary.k_kino_weapons	¡¿Qué coño?!
S	.misc.dictionary.k_kino_xeno_queen	Eclosión
S	.misc.dictionary.k_klowns	¡BWEJEJE!
S	.misc.dictionary.k_kraven	Todos llevamos un animal dentro
S	.misc.dictionary.k_lalaland	Por los locos que sueñan
S	.misc.dictionary.k_legend_will	Aparecerá como:
S	.misc.dictionary.k_legend_willnot	El legendario no aparecerá
S	.misc.dictionary.k_m3gan	Bip. Bup
S	.misc.dictionary.k_menu	Bon appétit
S	.misc.dictionary.k_minecraft_1	¡Pedernal y acero!
S	.misc.dictionary.k_minecraft_2	¡Pollo jinete!
S	.misc.dictionary.k_monster_turn	¡ROAR!
S	.misc.dictionary.k_narrated_ex	Y entonces jugó #1#
S	.misc.dictionary.k_nowyouseeme	Abracadabra
S	.misc.dictionary.k_ocean_11_2	Atracado
S	.misc.dictionary.k_odyssey	Todo va extremadamente bien
A	.misc.dictionary.k_odyssey_quest_1	Ten un comodín de película / dirigido por Kubrick
A	.misc.dictionary.k_odyssey_quest_2	Ten 2 comodines de ciencia ficción
A	.misc.dictionary.k_odyssey_quest_3	Ten un comodín de película / estrenado en los años 60
A	.misc.dictionary.k_odyssey_quest_4	Ten 10 o más / cartas de ciencia ficción en tu baraja
A	.misc.dictionary.k_odyssey_quest_5	Haber usado 20 o más / cartas de planeta
A	.misc.dictionary.k_odyssey_quest_6	Ten una Luna, Júpiter / y la Tierra en tu inventario
S	.misc.dictionary.k_polar_express_bad	Has sido un mal jugador
S	.misc.dictionary.k_princess_bride_1	Como... desees...
S	.misc.dictionary.k_princess_bride_2	¡Inconcebible!
S	.misc.dictionary.k_princess_bride_3	¿Es esto un comodín de besos?
S	.misc.dictionary.k_raiders	¡Esto debería estar en un museo!
A	.misc.dictionary.k_ratatouille_quest_1	Ten 2 comodines de animación / o familiares
A	.misc.dictionary.k_ratatouille_quest_2	Haber usado 10 o más / cartas de golosina
A	.misc.dictionary.k_ratatouille_quest_3	Ten al menos diez / 2 en tu baraja inicial
A	.misc.dictionary.k_ratatouille_quest_4	Ten un comodín de película / que comparta actor
A	.misc.dictionary.k_ratatouille_quest_5	Ten un comodín de película / estrenado en los años 2000
A	.misc.dictionary.k_ratatouille_quest_6	Ten Plutón, palomitas / y pizza en tu inventario
S	.misc.dictionary.k_ringu_countdown	Ring ring
S	.misc.dictionary.k_ringu_death	Han pasado 7 días
S	.misc.dictionary.k_romance_match_ex	Hola, guapo ;)
S	.misc.dictionary.k_shazam	¡SHAZAM!
S	.misc.dictionary.k_shining	¡Aquí está Johnny!
S	.misc.dictionary.k_spartacus_1	¡Yo soy Espartaco!
S	.misc.dictionary.k_spartacus_2	¡No, yo soy Espartaco!
S	.misc.dictionary.k_sugarland	Robado
S	.misc.dictionary.k_tag_treat_bad_1	El peor horror de todos: la deuda financiera.
S	.misc.dictionary.k_tag_treat_bad_2	Tu baraja empieza a bailar el monster mash
S	.misc.dictionary.k_tag_treat_bad_3	Maldiciones. ¡Maldita sea toda tu baraja!
S	.misc.dictionary.k_tag_treat_low_1	¡Dinero comestible! Je je je
S	.misc.dictionary.k_tag_treat_low_2	¡Eso no es una chocolatina! ¡Son dos monos voladores!
S	.misc.dictionary.k_tag_treat_low_3	Un puñado de piedras :(
S	.misc.dictionary.k_tag_treat_mid_1	¡Un diablillo salió de un salto y te robó el dinero!
S	.misc.dictionary.k_tag_treat_mid_2	El caramelo estaba envenenado y se filtró en tu baraja
S	.misc.dictionary.k_tag_treat_mid_3	Demonios de algodón de azúcar te arrancaron la(s) cara(s)
S	.misc.dictionary.k_terminator	Volveré
S	.misc.dictionary.k_west_side_jets	¡Jets!
S	.misc.dictionary.k_west_side_neither	¡Agente Krupke! ¡Corre!
S	.misc.dictionary.k_west_side_sharks	¡Sharks!
S	.misc.labels.kino_robin	Robin
S	.misc.labels.kino_spilled_beans	Judías derramadas
A	.misc.quips.kino_mars_attacks_1	¡Venimos en son de paz! / ¡Venimos en son de paz! / ¡Venimos en son de paz!
A	.misc.quips.kino_ringu_1	7 días...
S	.misc.v_dictionary.kino_sci_fi_payout	Cartas de ciencia ficción mejoradas ($#1# cada una)
A	.misc.v_dictionary.v_kino_quest_card_type	Haz que anote / un {C:attention}#1#{}#2#
A	.misc.v_dictionary.v_kino_quest_hand_type	Juega {C:attention}#1#{}#2#
A	.misc.v_dictionary.v_kino_questtimer	\032#1# veces
A	.misc.v_text.ch_c_carryover_discards	Los {C:red}descartes{} se acumulan entre rondas
A	.misc.v_text.ch_c_carryover_hands	Las {C:blue}manos{} se acumulan entre rondas
A	.misc.v_text.ch_c_kino_alien	Cada vez que juegas una mano, una carta de la baraja queda {C:attention}debilitada{} para siempre
A	.misc.v_text.ch_c_kino_bacon	Todos los {C:attention}comodines de película{} aparecen con una pegatina {C:attention}Bacon{}
A	.misc.v_text.ch_c_kino_bestsong	Ganas un {C:red}descarte{} al {C:attention}sacrificar{}
A	.misc.v_text.ch_c_kino_blockbuster	Todos los {C:attention}comodines de película{} son de alquiler y cobran más según lo rentables que fueron
A	.misc.v_text.ch_c_kino_chronology	Los {C:attention}comodines de película{} aparecen por orden de estreno
A	.misc.v_text.ch_c_kino_genre_snob	Los {C:attention}comodines de película{} se debilitan si no comparten género con el comodín de tu {C:attention}espacio activo{}
A	.misc.v_text.ch_c_kino_genre_variety	Los {C:attention}comodines de película{} se debilitan mientras tengas otro comodín que comparta {C:attention}género{}
A	.misc.v_text.ch_c_kino_harrysally	No puedes comprar {C:green}cambios{}; en su lugar los ganas al {C:attention}formar una pareja romántica
A	.misc.v_text.ch_c_kino_slasher	Cada cuarta carta que anota da un {C:attention}susto{}
A	.misc.v_text.ch_c_kino_wallstreet	Cada vez que usas un {C:attention}consumible{}, te {C:money}arruinas
A	.misc.v_text.ch_c_kino_yeag	Al final de la ronda, ganas {C:money}$#1#{} por cada vez que se mejoró una carta de {C:attention}ciencia ficción{}
A	.misc.v_text.ch_c_movie_jokers_only	Solo pueden aparecer {C:attention}comodines de película{}
